Name	URL	Size	MD5	Description	Comment	Inserted	Analyses	Samples	type
ERR16149169_1.fastq.gz	getRawFile.cgi?id=1669-26921	127.93 MB	d51d5173da936aac6b02d277567d719a	run accession ERR16149169; study accession PRJEB83996; library construction protocol 16S-V4V5; submitted filename SAMEA112488685_METAB-16S-V4V5_HCJF5DRX7.UDI140-BID01-1_R1_clean.fastq.gz	automatically assigned raw FASTQ file based on the BioSample SAMEA112488685	2026-03-10T10:15:00Z	MetaB_16SV4V5_Plankton_AML40um_2024	SAMEA112488685	environmental
ERR16149169_2.fastq.gz	getRawFile.cgi?id=1669-26922	126.03 MB	7dbe784d743050df6cdd1a5146581f18	run accession ERR16149169; study accession PRJEB83996; library construction protocol 16S-V4V5; submitted filename SAMEA112488685_METAB-16S-V4V5_HCJF5DRX7.UDI140-BID01-1_R2_clean.fastq.gz	automatically assigned raw FASTQ file based on the BioSample SAMEA112488685	2026-03-10T10:15:00Z	MetaB_16SV4V5_Plankton_AML40um_2024	SAMEA112488685	environmental
ERR16149170_1.fastq.gz	getRawFile.cgi?id=1669-26801	159.66 MB	50f7f8ba91a4eb306c3ae2b40515317b	run accession ERR16149170; study accession PRJEB83996; library construction protocol 16S-V4V5; submitted filename SAMEA112488686_METAB-16S-V4V5_HCJF5DRX7.UDI151-BID01-1_R1_clean.fastq.gz	automatically assigned raw FASTQ file based on the BioSample SAMEA112488686	2026-03-10T10:15:00Z	MetaB_16SV4V5_Plankton_AML40um_2024	SAMEA112488686	environmental
ERR16149170_2.fastq.gz	getRawFile.cgi?id=1669-26802	154.32 MB	ae6cee2a11f039f85241fae84ee5ddfe	run accession ERR16149170; study accession PRJEB83996; library construction protocol 16S-V4V5; submitted filename SAMEA112488686_METAB-16S-V4V5_HCJF5DRX7.UDI151-BID01-1_R2_clean.fastq.gz	automatically assigned raw FASTQ file based on the BioSample SAMEA112488686	2026-03-10T10:15:00Z	MetaB_16SV4V5_Plankton_AML40um_2024	SAMEA112488686	environmental
ERR16149171_1.fastq.gz	getRawFile.cgi?id=1669-26865	14.96 MB	3e1b953a67d391d64950d121a2a3a002	run accession ERR16149171; study accession PRJEB83996; library construction protocol 16S-V4V5; submitted filename SAMEA112488687_METAB-16S-V4V5_HCJF5DRX7.UDI140-BID02-1_R1_clean.fastq.gz	automatically assigned raw FASTQ file based on the BioSample SAMEA112488687	2026-03-10T10:15:00Z	MetaB_16SV4V5_Plankton_AML40um_2024	SAMEA112488687	environmental
ERR16149171_2.fastq.gz	getRawFile.cgi?id=1669-26866	18.58 MB	13c6062567dfe28747908150d5c220f8	run accession ERR16149171; study accession PRJEB83996; library construction protocol 16S-V4V5; submitted filename SAMEA112488687_METAB-16S-V4V5_HCJF5DRX7.UDI140-BID02-1_R2_clean.fastq.gz	automatically assigned raw FASTQ file based on the BioSample SAMEA112488687	2026-03-10T10:15:00Z	MetaB_16SV4V5_Plankton_AML40um_2024	SAMEA112488687	environmental
ERR16149172_1.fastq.gz	getRawFile.cgi?id=1669-26803	24.52 MB	3c74d172439b9f8606cc147bb69a3f71	run accession ERR16149172; study accession PRJEB83996; library construction protocol 16S-V4V5; submitted filename SAMEA112488688_METAB-16S-V4V5_HCJF5DRX7.UDI140-BID04-1_R1_clean.fastq.gz	automatically assigned raw FASTQ file based on the BioSample SAMEA112488688	2026-03-10T10:15:00Z	MetaB_16SV4V5_Plankton_AML40um_2024	SAMEA112488688	environmental
ERR16149172_2.fastq.gz	getRawFile.cgi?id=1669-26804	31.62 MB	363b7716c7b3a058c0304ad3777f8a19	run accession ERR16149172; study accession PRJEB83996; library construction protocol 16S-V4V5; submitted filename SAMEA112488688_METAB-16S-V4V5_HCJF5DRX7.UDI140-BID04-1_R2_clean.fastq.gz	automatically assigned raw FASTQ file based on the BioSample SAMEA112488688	2026-03-10T10:15:00Z	MetaB_16SV4V5_Plankton_AML40um_2024	SAMEA112488688	environmental
ERR16149173_1.fastq.gz	getRawFile.cgi?id=1669-26805	57.31 MB	699331d5ca7db26fa1b3f665c3b9d867	run accession ERR16149173; study accession PRJEB83996; library construction protocol 16S-V4V5; submitted filename SAMEA112488700_METAB-16S-V4V5_HCJF5DRX7.UDI151-BID02-1_R1_clean.fastq.gz	automatically assigned raw FASTQ file based on the BioSample SAMEA112488700	2026-03-10T10:15:00Z	MetaB_16SV4V5_Plankton_AML40um_2024	SAMEA112488700	environmental
ERR16149173_2.fastq.gz	getRawFile.cgi?id=1669-26806	60.46 MB	2a888e1ebc63cfd71b0a54bf4c0aa920	run accession ERR16149173; study accession PRJEB83996; library construction protocol 16S-V4V5; submitted filename SAMEA112488700_METAB-16S-V4V5_HCJF5DRX7.UDI151-BID02-1_R2_clean.fastq.gz	automatically assigned raw FASTQ file based on the BioSample SAMEA112488700	2026-03-10T10:15:00Z	MetaB_16SV4V5_Plankton_AML40um_2024	SAMEA112488700	environmental
ERR16149174_1.fastq.gz	getRawFile.cgi?id=1669-26923	52.97 MB	074a148353815e163ca098407cf087bf	run accession ERR16149174; study accession PRJEB83996; library construction protocol 16S-V4V5; submitted filename SAMEA112488701_METAB-16S-V4V5_HCJF5DRX7.UDI140-BID05-1_R1_clean.fastq.gz	automatically assigned raw FASTQ file based on the BioSample SAMEA112488701	2026-03-10T10:15:00Z	MetaB_16SV4V5_Plankton_AML40um_2024	SAMEA112488701	environmental
ERR16149174_2.fastq.gz	getRawFile.cgi?id=1669-26924	56.35 MB	9960b1da22044e2a6c4fc00c42bc4f8f	run accession ERR16149174; study accession PRJEB83996; library construction protocol 16S-V4V5; submitted filename SAMEA112488701_METAB-16S-V4V5_HCJF5DRX7.UDI140-BID05-1_R2_clean.fastq.gz	automatically assigned raw FASTQ file based on the BioSample SAMEA112488701	2026-03-10T10:15:00Z	MetaB_16SV4V5_Plankton_AML40um_2024	SAMEA112488701	environmental
ERR16149175_1.fastq.gz	getRawFile.cgi?id=1669-26925	70.16 MB	37adc80086ac612ac907f6b0a6d7cc70	run accession ERR16149175; study accession PRJEB83996; library construction protocol 16S-V4V5; submitted filename SAMEA112488710_METAB-16S-V4V5_HCJF5DRX7.UDI151-BID04-1_R1_clean.fastq.gz	automatically assigned raw FASTQ file based on the BioSample SAMEA112488710	2026-03-10T10:15:00Z	MetaB_16SV4V5_Plankton_AML40um_2024	SAMEA112488710	environmental
ERR16149175_2.fastq.gz	getRawFile.cgi?id=1669-26926	70.28 MB	7a77d918b97cc9b0e6a003672293ded2	run accession ERR16149175; study accession PRJEB83996; library construction protocol 16S-V4V5; submitted filename SAMEA112488710_METAB-16S-V4V5_HCJF5DRX7.UDI151-BID04-1_R2_clean.fastq.gz	automatically assigned raw FASTQ file based on the BioSample SAMEA112488710	2026-03-10T10:15:00Z	MetaB_16SV4V5_Plankton_AML40um_2024	SAMEA112488710	environmental
ERR16149176_1.fastq.gz	getRawFile.cgi?id=1669-26927	113.89 MB	ade771a7153bf34eff23f18f26067976	run accession ERR16149176; study accession PRJEB83996; library construction protocol 16S-V4V5; submitted filename SAMEA112488711_METAB-16S-V4V5_HCJF5DRX7.UDI151-BID05-1_R1_clean.fastq.gz	automatically assigned raw FASTQ file based on the BioSample SAMEA112488711	2026-03-10T10:15:00Z	MetaB_16SV4V5_Plankton_AML40um_2024	SAMEA112488711	environmental
ERR16149176_2.fastq.gz	getRawFile.cgi?id=1669-26928	112.69 MB	6ef0b7d80cde3ef7e77abe953728ef8d	run accession ERR16149176; study accession PRJEB83996; library construction protocol 16S-V4V5; submitted filename SAMEA112488711_METAB-16S-V4V5_HCJF5DRX7.UDI151-BID05-1_R2_clean.fastq.gz	automatically assigned raw FASTQ file based on the BioSample SAMEA112488711	2026-03-10T10:15:00Z	MetaB_16SV4V5_Plankton_AML40um_2024	SAMEA112488711	environmental
ERR16149177_1.fastq.gz	getRawFile.cgi?id=1669-26929	98.06 MB	509b403a787977039ce94ad51cc35c33	run accession ERR16149177; study accession PRJEB83996; library construction protocol 16S-V4V5; submitted filename SAMEA112518438_METAB-16S-V4V5_HCJF5DRX7.UDI140-BID08-1_R1_clean.fastq.gz	automatically assigned raw FASTQ file based on the BioSample SAMEA112518438	2026-03-10T10:15:00Z	MetaB_16SV4V5_Plankton_AML40um_2024	SAMEA112518438	environmental
ERR16149177_2.fastq.gz	getRawFile.cgi?id=1669-26930	88.24 MB	f248f61ddb4201f887d07216e493ec62	run accession ERR16149177; study accession PRJEB83996; library construction protocol 16S-V4V5; submitted filename SAMEA112518438_METAB-16S-V4V5_HCJF5DRX7.UDI140-BID08-1_R2_clean.fastq.gz	automatically assigned raw FASTQ file based on the BioSample SAMEA112518438	2026-03-10T10:15:00Z	MetaB_16SV4V5_Plankton_AML40um_2024	SAMEA112518438	environmental
ERR16149178_1.fastq.gz	getRawFile.cgi?id=1669-26867	153.07 MB	b6009e3378bae3754d2c5a12ef681956	run accession ERR16149178; study accession PRJEB83996; library construction protocol 16S-V4V5; submitted filename SAMEA112518441_METAB-16S-V4V5_HCJF5DRX7.UDI140-BID09-1_R1_clean.fastq.gz	automatically assigned raw FASTQ file based on the BioSample SAMEA112518441	2026-03-10T10:15:00Z	MetaB_16SV4V5_Plankton_AML40um_2024	SAMEA112518441	environmental
ERR16149178_2.fastq.gz	getRawFile.cgi?id=1669-26868	133.22 MB	c3f64f5cc7c5d3238ab41823dfc967e7	run accession ERR16149178; study accession PRJEB83996; library construction protocol 16S-V4V5; submitted filename SAMEA112518441_METAB-16S-V4V5_HCJF5DRX7.UDI140-BID09-1_R2_clean.fastq.gz	automatically assigned raw FASTQ file based on the BioSample SAMEA112518441	2026-03-10T10:15:00Z	MetaB_16SV4V5_Plankton_AML40um_2024	SAMEA112518441	environmental
ERR16149179_1.fastq.gz	getRawFile.cgi?id=1669-26807	71.93 MB	68e589cbee4635ec0944d3aa44203bac	run accession ERR16149179; study accession PRJEB83996; library construction protocol 16S-V4V5; submitted filename SAMEA112518445_METAB-16S-V4V5_HCJF5DRX7.UDI116-BID11-1_R1_clean.fastq.gz	automatically assigned raw FASTQ file based on the BioSample SAMEA112518445	2026-03-10T10:15:00Z	MetaB_16SV4V5_Plankton_AML40um_2024	SAMEA112518445	environmental
ERR16149179_2.fastq.gz	getRawFile.cgi?id=1669-26808	64.09 MB	c16ef45619ba156113ee1306157e404d	run accession ERR16149179; study accession PRJEB83996; library construction protocol 16S-V4V5; submitted filename SAMEA112518445_METAB-16S-V4V5_HCJF5DRX7.UDI116-BID11-1_R2_clean.fastq.gz	automatically assigned raw FASTQ file based on the BioSample SAMEA112518445	2026-03-10T10:15:00Z	MetaB_16SV4V5_Plankton_AML40um_2024	SAMEA112518445	environmental
ERR16149180_1.fastq.gz	getRawFile.cgi?id=1669-26809	152.85 MB	a4c9e9aa6cf09e97db8e784595d3cb4c	run accession ERR16149180; study accession PRJEB83996; library construction protocol 16S-V4V5; submitted filename SAMEA112518446_METAB-16S-V4V5_HCJF5DRX7.UDI116-BID13-1_R1_clean.fastq.gz	automatically assigned raw FASTQ file based on the BioSample SAMEA112518446	2026-03-10T10:15:00Z	MetaB_16SV4V5_Plankton_AML40um_2024	SAMEA112518446	environmental
ERR16149180_2.fastq.gz	getRawFile.cgi?id=1669-26810	136.33 MB	b42d18fcbd04a3b0ababcd672d5136a2	run accession ERR16149180; study accession PRJEB83996; library construction protocol 16S-V4V5; submitted filename SAMEA112518446_METAB-16S-V4V5_HCJF5DRX7.UDI116-BID13-1_R2_clean.fastq.gz	automatically assigned raw FASTQ file based on the BioSample SAMEA112518446	2026-03-10T10:15:00Z	MetaB_16SV4V5_Plankton_AML40um_2024	SAMEA112518446	environmental
ERR16149181_1.fastq.gz	getRawFile.cgi?id=1669-26931	37.39 MB	2437feee2b27f71aa7b1950d7cfe330b	run accession ERR16149181; study accession PRJEB83996; library construction protocol 16S-V4V5; submitted filename SAMEA112518447_METAB-16S-V4V5_HCJF5DRX7.UDI140-BID15-1_R1_clean.fastq.gz	automatically assigned raw FASTQ file based on the BioSample SAMEA112518447	2026-03-10T10:15:00Z	MetaB_16SV4V5_Plankton_AML40um_2024	SAMEA112518447	environmental
ERR16149181_2.fastq.gz	getRawFile.cgi?id=1669-26932	35.58 MB	0848bf0e378d31ce4797438baf2ba4a9	run accession ERR16149181; study accession PRJEB83996; library construction protocol 16S-V4V5; submitted filename SAMEA112518447_METAB-16S-V4V5_HCJF5DRX7.UDI140-BID15-1_R2_clean.fastq.gz	automatically assigned raw FASTQ file based on the BioSample SAMEA112518447	2026-03-10T10:15:00Z	MetaB_16SV4V5_Plankton_AML40um_2024	SAMEA112518447	environmental
ERR16149182_1.fastq.gz	getRawFile.cgi?id=1669-26933	153.98 MB	c81ad5ea98ebd6295557b59ebcb8217d	run accession ERR16149182; study accession PRJEB83996; library construction protocol 16S-V4V5; submitted filename SAMEA112518448_METAB-16S-V4V5_HCJF5DRX7.UDI140-BID16-1_R1_clean.fastq.gz	automatically assigned raw FASTQ file based on the BioSample SAMEA112518448	2026-03-10T10:15:00Z	MetaB_16SV4V5_Plankton_AML40um_2024	SAMEA112518448	environmental
ERR16149182_2.fastq.gz	getRawFile.cgi?id=1669-26934	145.55 MB	fb95f747493af2486e7a7ee1810b6f17	run accession ERR16149182; study accession PRJEB83996; library construction protocol 16S-V4V5; submitted filename SAMEA112518448_METAB-16S-V4V5_HCJF5DRX7.UDI140-BID16-1_R2_clean.fastq.gz	automatically assigned raw FASTQ file based on the BioSample SAMEA112518448	2026-03-10T10:15:00Z	MetaB_16SV4V5_Plankton_AML40um_2024	SAMEA112518448	environmental
ERR16149183_1.fastq.gz	getRawFile.cgi?id=1669-26811	186.09 MB	81885dbf5839277a163a2c44063312b5	run accession ERR16149183; study accession PRJEB83996; library construction protocol 16S-V4V5; submitted filename SAMEA112518451_METAB-16S-V4V5_HCJF5DRX7.UDI140-BID17-1_R1_clean.fastq.gz	automatically assigned raw FASTQ file based on the BioSample SAMEA112518451	2026-03-10T10:15:00Z	MetaB_16SV4V5_Plankton_AML40um_2024	SAMEA112518451	environmental
ERR16149183_2.fastq.gz	getRawFile.cgi?id=1669-26812	171.7 MB	7996f3191c4253c65e656ccf53742d01	run accession ERR16149183; study accession PRJEB83996; library construction protocol 16S-V4V5; submitted filename SAMEA112518451_METAB-16S-V4V5_HCJF5DRX7.UDI140-BID17-1_R2_clean.fastq.gz	automatically assigned raw FASTQ file based on the BioSample SAMEA112518451	2026-03-10T10:15:00Z	MetaB_16SV4V5_Plankton_AML40um_2024	SAMEA112518451	environmental
ERR16149184_1.fastq.gz	getRawFile.cgi?id=1669-26813	129.07 MB	26e3b77ecca7c094d0085bf4ef110405	run accession ERR16149184; study accession PRJEB83996; library construction protocol 16S-V4V5; submitted filename SAMEA112518452_METAB-16S-V4V5_HCJF5DRX7.UDI152-BID01-1_R1_clean.fastq.gz	automatically assigned raw FASTQ file based on the BioSample SAMEA112518452	2026-03-10T10:15:00Z	MetaB_16SV4V5_Plankton_AML40um_2024	SAMEA112518452	environmental
ERR16149184_2.fastq.gz	getRawFile.cgi?id=1669-26814	119.95 MB	9e16a7b09ecf9d767481808efa7cb073	run accession ERR16149184; study accession PRJEB83996; library construction protocol 16S-V4V5; submitted filename SAMEA112518452_METAB-16S-V4V5_HCJF5DRX7.UDI152-BID01-1_R2_clean.fastq.gz	automatically assigned raw FASTQ file based on the BioSample SAMEA112518452	2026-03-10T10:15:00Z	MetaB_16SV4V5_Plankton_AML40um_2024	SAMEA112518452	environmental
ERR16149185_1.fastq.gz	getRawFile.cgi?id=1669-26869	53.16 MB	033f7d319f89c038644e6f5e20948eb0	run accession ERR16149185; study accession PRJEB83996; library construction protocol 16S-V4V5; submitted filename SAMEA112518455_METAB-16S-V4V5_HCJF5DRX7.UDI152-BID02-1_R1_clean.fastq.gz	automatically assigned raw FASTQ file based on the BioSample SAMEA112518455	2026-03-10T10:15:00Z	MetaB_16SV4V5_Plankton_AML40um_2024	SAMEA112518455	environmental
ERR16149185_2.fastq.gz	getRawFile.cgi?id=1669-26870	48.96 MB	af2c98f9aaa186f1b0e0c683ce6a648b	run accession ERR16149185; study accession PRJEB83996; library construction protocol 16S-V4V5; submitted filename SAMEA112518455_METAB-16S-V4V5_HCJF5DRX7.UDI152-BID02-1_R2_clean.fastq.gz	automatically assigned raw FASTQ file based on the BioSample SAMEA112518455	2026-03-10T10:15:00Z	MetaB_16SV4V5_Plankton_AML40um_2024	SAMEA112518455	environmental
ERR16149186_1.fastq.gz	getRawFile.cgi?id=1669-26815	81.41 MB	c61977a837f033de7e39079569f4a4a5	run accession ERR16149186; study accession PRJEB83996; library construction protocol 16S-V4V5; submitted filename SAMEA112518456_METAB-16S-V4V5_HCJF5DRX7.UDI152-BID04-1_R1_clean.fastq.gz	automatically assigned raw FASTQ file based on the BioSample SAMEA112518456	2026-03-10T10:15:00Z	MetaB_16SV4V5_Plankton_AML40um_2024	SAMEA112518456	environmental
ERR16149186_2.fastq.gz	getRawFile.cgi?id=1669-26816	78.05 MB	2e3155c9142d51da980ed91eb524fd72	run accession ERR16149186; study accession PRJEB83996; library construction protocol 16S-V4V5; submitted filename SAMEA112518456_METAB-16S-V4V5_HCJF5DRX7.UDI152-BID04-1_R2_clean.fastq.gz	automatically assigned raw FASTQ file based on the BioSample SAMEA112518456	2026-03-10T10:15:00Z	MetaB_16SV4V5_Plankton_AML40um_2024	SAMEA112518456	environmental
ERR16149187_1.fastq.gz	getRawFile.cgi?id=1669-26817	136.82 MB	e1d1dfdcbfa24f9f506fbfec79ffe1aa	run accession ERR16149187; study accession PRJEB83996; library construction protocol 16S-V4V5; submitted filename SAMEA112518457_METAB-16S-V4V5_HCJF5DRX7.UDI152-BID05-1_R1_clean.fastq.gz	automatically assigned raw FASTQ file based on the BioSample SAMEA112518457	2026-03-10T10:15:00Z	MetaB_16SV4V5_Plankton_AML40um_2024	SAMEA112518457	environmental
ERR16149187_2.fastq.gz	getRawFile.cgi?id=1669-26818	128.59 MB	b86392820fb18812b6de28ae0798c59c	run accession ERR16149187; study accession PRJEB83996; library construction protocol 16S-V4V5; submitted filename SAMEA112518457_METAB-16S-V4V5_HCJF5DRX7.UDI152-BID05-1_R2_clean.fastq.gz	automatically assigned raw FASTQ file based on the BioSample SAMEA112518457	2026-03-10T10:15:00Z	MetaB_16SV4V5_Plankton_AML40um_2024	SAMEA112518457	environmental
ERR16149188_1.fastq.gz	getRawFile.cgi?id=1669-26871	61.16 MB	355d8177be225bee3e3b174b56d7c14a	run accession ERR16149188; study accession PRJEB83996; library construction protocol 16S-V4V5; submitted filename SAMEA112518459_METAB-16S-V4V5_HCJF5DRX7.UDI116-BID08-1_R1_clean.fastq.gz	automatically assigned raw FASTQ file based on the BioSample SAMEA112518459	2026-03-10T10:15:00Z	MetaB_16SV4V5_Plankton_AML40um_2024	SAMEA112518459	environmental
ERR16149188_2.fastq.gz	getRawFile.cgi?id=1669-26872	54.4 MB	b7b0231bec893d12e244031e1b28a467	run accession ERR16149188; study accession PRJEB83996; library construction protocol 16S-V4V5; submitted filename SAMEA112518459_METAB-16S-V4V5_HCJF5DRX7.UDI116-BID08-1_R2_clean.fastq.gz	automatically assigned raw FASTQ file based on the BioSample SAMEA112518459	2026-03-10T10:15:00Z	MetaB_16SV4V5_Plankton_AML40um_2024	SAMEA112518459	environmental
ERR16149189_1.fastq.gz	getRawFile.cgi?id=1669-26935	115.67 MB	74bf0dc4a46d2367b6f6e84e0ed1e0e3	run accession ERR16149189; study accession PRJEB83996; library construction protocol 16S-V4V5; submitted filename SAMEA112518460_METAB-16S-V4V5_HCJF5DRX7.UDI152-BID09-1_R1_clean.fastq.gz	automatically assigned raw FASTQ file based on the BioSample SAMEA112518460	2026-03-10T10:15:00Z	MetaB_16SV4V5_Plankton_AML40um_2024	SAMEA112518460	environmental
ERR16149189_2.fastq.gz	getRawFile.cgi?id=1669-26936	103.26 MB	b0240c37688cb4ea8b146fd90f29fa8d	run accession ERR16149189; study accession PRJEB83996; library construction protocol 16S-V4V5; submitted filename SAMEA112518460_METAB-16S-V4V5_HCJF5DRX7.UDI152-BID09-1_R2_clean.fastq.gz	automatically assigned raw FASTQ file based on the BioSample SAMEA112518460	2026-03-10T10:15:00Z	MetaB_16SV4V5_Plankton_AML40um_2024	SAMEA112518460	environmental
ERR16149190_1.fastq.gz	getRawFile.cgi?id=1669-26819	72.11 MB	0b2a3fd367c2ff275bf347f6a57c2c7a	run accession ERR16149190; study accession PRJEB83996; library construction protocol 16S-V4V5; submitted filename SAMEA112518481_METAB-16S-V4V5_HCJF5DRX7.UDI151-BID08-1_R1_clean.fastq.gz	automatically assigned raw FASTQ file based on the BioSample SAMEA112518481	2026-03-10T10:15:00Z	MetaB_16SV4V5_Plankton_AML40um_2024	SAMEA112518481	environmental
ERR16149190_2.fastq.gz	getRawFile.cgi?id=1669-26820	66.18 MB	c0fc81b1234b97cc758dff95e65d45a0	run accession ERR16149190; study accession PRJEB83996; library construction protocol 16S-V4V5; submitted filename SAMEA112518481_METAB-16S-V4V5_HCJF5DRX7.UDI151-BID08-1_R2_clean.fastq.gz	automatically assigned raw FASTQ file based on the BioSample SAMEA112518481	2026-03-10T10:15:00Z	MetaB_16SV4V5_Plankton_AML40um_2024	SAMEA112518481	environmental
ERR16149191_1.fastq.gz	getRawFile.cgi?id=1669-26873	92.46 MB	70f41ef8dcce224c9254b6ee4834ceb2	run accession ERR16149191; study accession PRJEB83996; library construction protocol 16S-V4V5; submitted filename SAMEA112518482_METAB-16S-V4V5_HCJF5DRX7.UDI151-BID09-1_R1_clean.fastq.gz	automatically assigned raw FASTQ file based on the BioSample SAMEA112518482	2026-03-10T10:15:00Z	MetaB_16SV4V5_Plankton_AML40um_2024	SAMEA112518482	environmental
ERR16149191_2.fastq.gz	getRawFile.cgi?id=1669-26874	82.71 MB	f589bfd57b8265c8307dc21d70c2e393	run accession ERR16149191; study accession PRJEB83996; library construction protocol 16S-V4V5; submitted filename SAMEA112518482_METAB-16S-V4V5_HCJF5DRX7.UDI151-BID09-1_R2_clean.fastq.gz	automatically assigned raw FASTQ file based on the BioSample SAMEA112518482	2026-03-10T10:15:00Z	MetaB_16SV4V5_Plankton_AML40um_2024	SAMEA112518482	environmental
ERR16149192_1.fastq.gz	getRawFile.cgi?id=1669-26821	64.44 MB	39ad00d759aeefc6c91a9d7fbc496254	run accession ERR16149192; study accession PRJEB83996; library construction protocol 16S-V4V5; submitted filename SAMEA112518483_METAB-16S-V4V5_HCJF5DRX7.UDI152-BID11-1_R1_clean.fastq.gz	automatically assigned raw FASTQ file based on the BioSample SAMEA112518483	2026-03-10T10:15:00Z	MetaB_16SV4V5_Plankton_AML40um_2024	SAMEA112518483	environmental
ERR16149192_2.fastq.gz	getRawFile.cgi?id=1669-26822	66.52 MB	ae3401c4df71e0bcccde33482b23ce99	run accession ERR16149192; study accession PRJEB83996; library construction protocol 16S-V4V5; submitted filename SAMEA112518483_METAB-16S-V4V5_HCJF5DRX7.UDI152-BID11-1_R2_clean.fastq.gz	automatically assigned raw FASTQ file based on the BioSample SAMEA112518483	2026-03-10T10:15:00Z	MetaB_16SV4V5_Plankton_AML40um_2024	SAMEA112518483	environmental
ERR16149193_1.fastq.gz	getRawFile.cgi?id=1669-26823	122.78 MB	c293abb8665e46cc22efba851319f679	run accession ERR16149193; study accession PRJEB83996; library construction protocol 16S-V4V5; submitted filename SAMEA112518484_METAB-16S-V4V5_HCJF5DRX7.UDI152-BID13-1_R1_clean.fastq.gz	automatically assigned raw FASTQ file based on the BioSample SAMEA112518484	2026-03-10T10:15:00Z	MetaB_16SV4V5_Plankton_AML40um_2024	SAMEA112518484	environmental
ERR16149193_2.fastq.gz	getRawFile.cgi?id=1669-26824	131.88 MB	55d78238a3b7cb5cfd7b3ff4c3c5b68d	run accession ERR16149193; study accession PRJEB83996; library construction protocol 16S-V4V5; submitted filename SAMEA112518484_METAB-16S-V4V5_HCJF5DRX7.UDI152-BID13-1_R2_clean.fastq.gz	automatically assigned raw FASTQ file based on the BioSample SAMEA112518484	2026-03-10T10:15:00Z	MetaB_16SV4V5_Plankton_AML40um_2024	SAMEA112518484	environmental
ERR16149194_1.fastq.gz	getRawFile.cgi?id=1669-26937	32.93 MB	f53a0ef635cce511d7a5d2e9d7504d81	run accession ERR16149194; study accession PRJEB83996; library construction protocol 16S-V4V5; submitted filename SAMEA112518486_METAB-16S-V4V5_HCJF5DRX7.UDI152-BID15-1_R1_clean.fastq.gz	automatically assigned raw FASTQ file based on the BioSample SAMEA112518486	2026-03-10T10:15:00Z	MetaB_16SV4V5_Plankton_AML40um_2024	SAMEA112518486	environmental
ERR16149194_2.fastq.gz	getRawFile.cgi?id=1669-26938	31.9 MB	7232f1bcc7c1d45fe4236d797347f2bc	run accession ERR16149194; study accession PRJEB83996; library construction protocol 16S-V4V5; submitted filename SAMEA112518486_METAB-16S-V4V5_HCJF5DRX7.UDI152-BID15-1_R2_clean.fastq.gz	automatically assigned raw FASTQ file based on the BioSample SAMEA112518486	2026-03-10T10:15:00Z	MetaB_16SV4V5_Plankton_AML40um_2024	SAMEA112518486	environmental
ERR16149195_1.fastq.gz	getRawFile.cgi?id=1669-26825	49.7 MB	b2bd0ea4eb741d4bdfd84598a55f59c5	run accession ERR16149195; study accession PRJEB83996; library construction protocol 16S-V4V5; submitted filename SAMEA112518487_METAB-16S-V4V5_HCJF5DRX7.UDI151-BID11-1_R1_clean.fastq.gz	automatically assigned raw FASTQ file based on the BioSample SAMEA112518487	2026-03-10T10:15:00Z	MetaB_16SV4V5_Plankton_AML40um_2024	SAMEA112518487	environmental
ERR16149195_2.fastq.gz	getRawFile.cgi?id=1669-26826	46.65 MB	68320c97efa681fd7758bf5fe89c45d8	run accession ERR16149195; study accession PRJEB83996; library construction protocol 16S-V4V5; submitted filename SAMEA112518487_METAB-16S-V4V5_HCJF5DRX7.UDI151-BID11-1_R2_clean.fastq.gz	automatically assigned raw FASTQ file based on the BioSample SAMEA112518487	2026-03-10T10:15:00Z	MetaB_16SV4V5_Plankton_AML40um_2024	SAMEA112518487	environmental
ERR16149196_1.fastq.gz	getRawFile.cgi?id=1669-26939	75.31 MB	89f68b956bb96870911eedc7343dd79d	run accession ERR16149196; study accession PRJEB83996; library construction protocol 16S-V4V5; submitted filename SAMEA112518488_METAB-16S-V4V5_HCJF5DRX7.UDI152-BID16-1_R1_clean.fastq.gz	automatically assigned raw FASTQ file based on the BioSample SAMEA112518488	2026-03-10T10:15:00Z	MetaB_16SV4V5_Plankton_AML40um_2024	SAMEA112518488	environmental
ERR16149196_2.fastq.gz	getRawFile.cgi?id=1669-26940	77.69 MB	96c60cad7a52bddc2799093a44e4a80c	run accession ERR16149196; study accession PRJEB83996; library construction protocol 16S-V4V5; submitted filename SAMEA112518488_METAB-16S-V4V5_HCJF5DRX7.UDI152-BID16-1_R2_clean.fastq.gz	automatically assigned raw FASTQ file based on the BioSample SAMEA112518488	2026-03-10T10:15:00Z	MetaB_16SV4V5_Plankton_AML40um_2024	SAMEA112518488	environmental
ERR16149197_1.fastq.gz	getRawFile.cgi?id=1669-26941	104.83 MB	f81e84d18a0d8a760d655204cf35a2f8	run accession ERR16149197; study accession PRJEB83996; library construction protocol 16S-V4V5; submitted filename SAMEA112518489_METAB-16S-V4V5_HCJF5DRX7.UDI152-BID17-1_R1_clean.fastq.gz	automatically assigned raw FASTQ file based on the BioSample SAMEA112518489	2026-03-10T10:15:00Z	MetaB_16SV4V5_Plankton_AML40um_2024	SAMEA112518489	environmental
ERR16149197_2.fastq.gz	getRawFile.cgi?id=1669-26942	103.21 MB	e068e89355acefc7d137adca30a1a879	run accession ERR16149197; study accession PRJEB83996; library construction protocol 16S-V4V5; submitted filename SAMEA112518489_METAB-16S-V4V5_HCJF5DRX7.UDI152-BID17-1_R2_clean.fastq.gz	automatically assigned raw FASTQ file based on the BioSample SAMEA112518489	2026-03-10T10:15:00Z	MetaB_16SV4V5_Plankton_AML40um_2024	SAMEA112518489	environmental
ERR16149198_1.fastq.gz	getRawFile.cgi?id=1669-26827	170.98 MB	e287043c18d6ed1b304d1a60c9a1a8c3	run accession ERR16149198; study accession PRJEB83996; library construction protocol 16S-V4V5; submitted filename SAMEA112518496_METAB-16S-V4V5_HCJF5DRX7.UDI151-BID13-1_R1_clean.fastq.gz	automatically assigned raw FASTQ file based on the BioSample SAMEA112518496	2026-03-10T10:15:00Z	MetaB_16SV4V5_Plankton_AML40um_2024	SAMEA112518496	environmental
ERR16149198_2.fastq.gz	getRawFile.cgi?id=1669-26828	161.44 MB	7b31af979221cafee7a94004104c0c9a	run accession ERR16149198; study accession PRJEB83996; library construction protocol 16S-V4V5; submitted filename SAMEA112518496_METAB-16S-V4V5_HCJF5DRX7.UDI151-BID13-1_R2_clean.fastq.gz	automatically assigned raw FASTQ file based on the BioSample SAMEA112518496	2026-03-10T10:15:00Z	MetaB_16SV4V5_Plankton_AML40um_2024	SAMEA112518496	environmental
ERR16149199_1.fastq.gz	getRawFile.cgi?id=1669-26875	42.38 MB	2959bc96e1a718a4165b5ad8cf56d735	run accession ERR16149199; study accession PRJEB83996; library construction protocol 16S-V4V5; submitted filename SAMEA112518497_METAB-16S-V4V5_HCJF5DRX7.UDI151-BID15-1_R1_clean.fastq.gz	automatically assigned raw FASTQ file based on the BioSample SAMEA112518497	2026-03-10T10:15:00Z	MetaB_16SV4V5_Plankton_AML40um_2024	SAMEA112518497	environmental
ERR16149199_2.fastq.gz	getRawFile.cgi?id=1669-26876	40.13 MB	1ae863bf80fcb858fb521cd66f5be78a	run accession ERR16149199; study accession PRJEB83996; library construction protocol 16S-V4V5; submitted filename SAMEA112518497_METAB-16S-V4V5_HCJF5DRX7.UDI151-BID15-1_R2_clean.fastq.gz	automatically assigned raw FASTQ file based on the BioSample SAMEA112518497	2026-03-10T10:15:00Z	MetaB_16SV4V5_Plankton_AML40um_2024	SAMEA112518497	environmental
ERR16149200_1.fastq.gz	getRawFile.cgi?id=1669-26943	78.83 MB	77bf3b53860d5bc18e6d5af50b7b0da1	run accession ERR16149200; study accession PRJEB83996; library construction protocol 16S-V4V5; submitted filename SAMEA112518498_METAB-16S-V4V5_HCJF5DRX7.UDI128-BID01-1_R1_clean.fastq.gz	automatically assigned raw FASTQ file based on the BioSample SAMEA112518498	2026-03-10T10:15:00Z	MetaB_16SV4V5_Plankton_AML40um_2024	SAMEA112518498	environmental
ERR16149200_2.fastq.gz	getRawFile.cgi?id=1669-26944	75.82 MB	2b446f0c1435c598b5b3071dd2093efd	run accession ERR16149200; study accession PRJEB83996; library construction protocol 16S-V4V5; submitted filename SAMEA112518498_METAB-16S-V4V5_HCJF5DRX7.UDI128-BID01-1_R2_clean.fastq.gz	automatically assigned raw FASTQ file based on the BioSample SAMEA112518498	2026-03-10T10:15:00Z	MetaB_16SV4V5_Plankton_AML40um_2024	SAMEA112518498	environmental
ERR16149201_1.fastq.gz	getRawFile.cgi?id=1669-26829	26.14 MB	602cdd082abb4c67889082159a6f8cb2	run accession ERR16149201; study accession PRJEB83996; library construction protocol 16S-V4V5; submitted filename SAMEA112518499_METAB-16S-V4V5_HCJF5DRX7.UDI128-BID02-1_R1_clean.fastq.gz	automatically assigned raw FASTQ file based on the BioSample SAMEA112518499	2026-03-10T10:15:00Z	MetaB_16SV4V5_Plankton_AML40um_2024	SAMEA112518499	environmental
ERR16149201_2.fastq.gz	getRawFile.cgi?id=1669-26830	25.16 MB	0956b635efd15bb815ac05c5969eb881	run accession ERR16149201; study accession PRJEB83996; library construction protocol 16S-V4V5; submitted filename SAMEA112518499_METAB-16S-V4V5_HCJF5DRX7.UDI128-BID02-1_R2_clean.fastq.gz	automatically assigned raw FASTQ file based on the BioSample SAMEA112518499	2026-03-10T10:15:00Z	MetaB_16SV4V5_Plankton_AML40um_2024	SAMEA112518499	environmental
ERR16149202_1.fastq.gz	getRawFile.cgi?id=1669-26877	80.9 MB	9d928a9a3756c78e934acc933c2ad742	run accession ERR16149202; study accession PRJEB83996; library construction protocol 16S-V4V5; submitted filename SAMEA112518503_METAB-16S-V4V5_HCJF5DRX7.UDI187-BID01-1_R1_clean.fastq.gz	automatically assigned raw FASTQ file based on the BioSample SAMEA112518503	2026-03-10T10:15:00Z	MetaB_16SV4V5_Plankton_AML40um_2024	SAMEA112518503	environmental
ERR16149202_2.fastq.gz	getRawFile.cgi?id=1669-26878	73.57 MB	ca8595cfe1d1722c8e3d1dc40f9bc991	run accession ERR16149202; study accession PRJEB83996; library construction protocol 16S-V4V5; submitted filename SAMEA112518503_METAB-16S-V4V5_HCJF5DRX7.UDI187-BID01-1_R2_clean.fastq.gz	automatically assigned raw FASTQ file based on the BioSample SAMEA112518503	2026-03-10T10:15:00Z	MetaB_16SV4V5_Plankton_AML40um_2024	SAMEA112518503	environmental
ERR16149203_1.fastq.gz	getRawFile.cgi?id=1669-26945	35.31 MB	6d6412156d6655edf6cc0cf4e269cdf6	run accession ERR16149203; study accession PRJEB83996; library construction protocol 16S-V4V5; submitted filename SAMEA112518504_METAB-16S-V4V5_HCJF5DRX7.UDI187-BID02-1_R1_clean.fastq.gz	automatically assigned raw FASTQ file based on the BioSample SAMEA112518504	2026-03-10T10:15:00Z	MetaB_16SV4V5_Plankton_AML40um_2024	SAMEA112518504	environmental
ERR16149203_2.fastq.gz	getRawFile.cgi?id=1669-26946	32.12 MB	3ca7c987d499b4b1e5021f74f37668e8	run accession ERR16149203; study accession PRJEB83996; library construction protocol 16S-V4V5; submitted filename SAMEA112518504_METAB-16S-V4V5_HCJF5DRX7.UDI187-BID02-1_R2_clean.fastq.gz	automatically assigned raw FASTQ file based on the BioSample SAMEA112518504	2026-03-10T10:15:00Z	MetaB_16SV4V5_Plankton_AML40um_2024	SAMEA112518504	environmental
ERR16149204_1.fastq.gz	getRawFile.cgi?id=1669-26879	42.57 MB	fedb8fb093231429524eec5e07d0a7a0	run accession ERR16149204; study accession PRJEB83996; library construction protocol 16S-V4V5; submitted filename SAMEA112518505_METAB-16S-V4V5_HCJF5DRX7.UDI128-BID04-1_R1_clean.fastq.gz	automatically assigned raw FASTQ file based on the BioSample SAMEA112518505	2026-03-10T10:15:00Z	MetaB_16SV4V5_Plankton_AML40um_2024	SAMEA112518505	environmental
ERR16149204_2.fastq.gz	getRawFile.cgi?id=1669-26880	43.03 MB	86f027ecfc1b4e70df5d59bd95cfb295	run accession ERR16149204; study accession PRJEB83996; library construction protocol 16S-V4V5; submitted filename SAMEA112518505_METAB-16S-V4V5_HCJF5DRX7.UDI128-BID04-1_R2_clean.fastq.gz	automatically assigned raw FASTQ file based on the BioSample SAMEA112518505	2026-03-10T10:15:00Z	MetaB_16SV4V5_Plankton_AML40um_2024	SAMEA112518505	environmental
ERR16149205_1.fastq.gz	getRawFile.cgi?id=1669-26831	82.17 MB	1c3906537ca1652f747fa3b1177d36cf	run accession ERR16149205; study accession PRJEB83996; library construction protocol 16S-V4V5; submitted filename SAMEA112518506_METAB-16S-V4V5_HCJF5DRX7.UDI116-BID05-1_R1_clean.fastq.gz	automatically assigned raw FASTQ file based on the BioSample SAMEA112518506	2026-03-10T10:15:00Z	MetaB_16SV4V5_Plankton_AML40um_2024	SAMEA112518506	environmental
ERR16149205_2.fastq.gz	getRawFile.cgi?id=1669-26832	80.76 MB	4dd7bc01ab4349547504cdf3fa7373b2	run accession ERR16149205; study accession PRJEB83996; library construction protocol 16S-V4V5; submitted filename SAMEA112518506_METAB-16S-V4V5_HCJF5DRX7.UDI116-BID05-1_R2_clean.fastq.gz	automatically assigned raw FASTQ file based on the BioSample SAMEA112518506	2026-03-10T10:15:00Z	MetaB_16SV4V5_Plankton_AML40um_2024	SAMEA112518506	environmental
ERR16149206_1.fastq.gz	getRawFile.cgi?id=1669-26947	121.43 MB	089281ee2815a395d5835a604dc03ea1	run accession ERR16149206; study accession PRJEB83996; library construction protocol 16S-V4V5; submitted filename SAMEA112518541_METAB-16S-V4V5_HCJF5DRX7.UDI104-BID01-1_R1_clean.fastq.gz	automatically assigned raw FASTQ file based on the BioSample SAMEA112518541	2026-03-10T10:15:00Z	MetaB_16SV4V5_Plankton_AML40um_2024	SAMEA112518541	environmental
ERR16149206_2.fastq.gz	getRawFile.cgi?id=1669-26948	115.13 MB	53163134c2bc13231d530ff1aeb79d5e	run accession ERR16149206; study accession PRJEB83996; library construction protocol 16S-V4V5; submitted filename SAMEA112518541_METAB-16S-V4V5_HCJF5DRX7.UDI104-BID01-1_R2_clean.fastq.gz	automatically assigned raw FASTQ file based on the BioSample SAMEA112518541	2026-03-10T10:15:00Z	MetaB_16SV4V5_Plankton_AML40um_2024	SAMEA112518541	environmental
ERR16149207_1.fastq.gz	getRawFile.cgi?id=1669-26833	149.18 MB	de8b9ba910bfd90f38a4ec15e1fc4e08	run accession ERR16149207; study accession PRJEB83996; library construction protocol 16S-V4V5; submitted filename SAMEA112518542_METAB-16S-V4V5_HCJF5DRX7.UDI128-BID09-1_R1_clean.fastq.gz	automatically assigned raw FASTQ file based on the BioSample SAMEA112518542	2026-03-10T10:15:00Z	MetaB_16SV4V5_Plankton_AML40um_2024	SAMEA112518542	environmental
ERR16149207_2.fastq.gz	getRawFile.cgi?id=1669-26834	134.78 MB	46ab655202974882c58a83a1398d8072	run accession ERR16149207; study accession PRJEB83996; library construction protocol 16S-V4V5; submitted filename SAMEA112518542_METAB-16S-V4V5_HCJF5DRX7.UDI128-BID09-1_R2_clean.fastq.gz	automatically assigned raw FASTQ file based on the BioSample SAMEA112518542	2026-03-10T10:15:00Z	MetaB_16SV4V5_Plankton_AML40um_2024	SAMEA112518542	environmental
ERR16149208_1.fastq.gz	getRawFile.cgi?id=1669-26881	120.88 MB	4fd4674f2c9ce4e54a3c4e4dc0b15b77	run accession ERR16149208; study accession PRJEB83996; library construction protocol 16S-V4V5; submitted filename SAMEA112518544_METAB-16S-V4V5_HCJF5DRX7.UDI175-BID01-1_R1_clean.fastq.gz	automatically assigned raw FASTQ file based on the BioSample SAMEA112518544	2026-03-10T10:15:00Z	MetaB_16SV4V5_Plankton_AML40um_2024	SAMEA112518544	environmental
ERR16149208_2.fastq.gz	getRawFile.cgi?id=1669-26882	112.31 MB	243b859b72681bbc5330276b013ed028	run accession ERR16149208; study accession PRJEB83996; library construction protocol 16S-V4V5; submitted filename SAMEA112518544_METAB-16S-V4V5_HCJF5DRX7.UDI175-BID01-1_R2_clean.fastq.gz	automatically assigned raw FASTQ file based on the BioSample SAMEA112518544	2026-03-10T10:15:00Z	MetaB_16SV4V5_Plankton_AML40um_2024	SAMEA112518544	environmental
ERR16149209_1.fastq.gz	getRawFile.cgi?id=1669-26949	181.51 MB	02602ab2fc200f8e4bb6893d2d5f8fc8	run accession ERR16149209; study accession PRJEB83996; library construction protocol 16S-V4V5; submitted filename SAMEA112518545_METAB-16S-V4V5_HCJF5DRX7.UDI128-BID13-1_R1_clean.fastq.gz	automatically assigned raw FASTQ file based on the BioSample SAMEA112518545	2026-03-10T10:15:00Z	MetaB_16SV4V5_Plankton_AML40um_2024	SAMEA112518545	environmental
ERR16149209_2.fastq.gz	getRawFile.cgi?id=1669-26950	172.57 MB	d3a7269184a4ccb9afedc8518d15e556	run accession ERR16149209; study accession PRJEB83996; library construction protocol 16S-V4V5; submitted filename SAMEA112518545_METAB-16S-V4V5_HCJF5DRX7.UDI128-BID13-1_R2_clean.fastq.gz	automatically assigned raw FASTQ file based on the BioSample SAMEA112518545	2026-03-10T10:15:00Z	MetaB_16SV4V5_Plankton_AML40um_2024	SAMEA112518545	environmental
ERR16149210_1.fastq.gz	getRawFile.cgi?id=1669-26835	103.53 MB	2d99275fb99a157ab7cdeb31e000ab0e	run accession ERR16149210; study accession PRJEB83996; library construction protocol 16S-V4V5; submitted filename SAMEA112518547_METAB-16S-V4V5_HCJF5DRX7.UDI163-BID01-1_R1_clean.fastq.gz	automatically assigned raw FASTQ file based on the BioSample SAMEA112518547	2026-03-10T10:15:00Z	MetaB_16SV4V5_Plankton_AML40um_2024	SAMEA112518547	environmental
ERR16149210_2.fastq.gz	getRawFile.cgi?id=1669-26836	99.45 MB	067909ae62156158f3f334a687068f56	run accession ERR16149210; study accession PRJEB83996; library construction protocol 16S-V4V5; submitted filename SAMEA112518547_METAB-16S-V4V5_HCJF5DRX7.UDI163-BID01-1_R2_clean.fastq.gz	automatically assigned raw FASTQ file based on the BioSample SAMEA112518547	2026-03-10T10:15:00Z	MetaB_16SV4V5_Plankton_AML40um_2024	SAMEA112518547	environmental
ERR16149211_1.fastq.gz	getRawFile.cgi?id=1669-26951	88.09 MB	43a6ccc8a212c62268216d34257d04f1	run accession ERR16149211; study accession PRJEB83996; library construction protocol 16S-V4V5; submitted filename SAMEA112518548_METAB-16S-V4V5_HCJF5DRX7.UDI104-BID04-1_R1_clean.fastq.gz	automatically assigned raw FASTQ file based on the BioSample SAMEA112518548	2026-03-10T10:15:00Z	MetaB_16SV4V5_Plankton_AML40um_2024	SAMEA112518548	environmental
ERR16149211_2.fastq.gz	getRawFile.cgi?id=1669-26952	85.75 MB	02b428c0dd588993944e23f87fcdda6a	run accession ERR16149211; study accession PRJEB83996; library construction protocol 16S-V4V5; submitted filename SAMEA112518548_METAB-16S-V4V5_HCJF5DRX7.UDI104-BID04-1_R2_clean.fastq.gz	automatically assigned raw FASTQ file based on the BioSample SAMEA112518548	2026-03-10T10:15:00Z	MetaB_16SV4V5_Plankton_AML40um_2024	SAMEA112518548	environmental
ERR16149212_1.fastq.gz	getRawFile.cgi?id=1669-26837	112.36 MB	df14c0903902500c5eaa4ed9d1347492	run accession ERR16149212; study accession PRJEB83996; library construction protocol 16S-V4V5; submitted filename SAMEA112518550_METAB-16S-V4V5_HCJF5DRX7.UDI175-BID04-1_R1_clean.fastq.gz	automatically assigned raw FASTQ file based on the BioSample SAMEA112518550	2026-03-10T10:15:00Z	MetaB_16SV4V5_Plankton_AML40um_2024	SAMEA112518550	environmental
ERR16149212_2.fastq.gz	getRawFile.cgi?id=1669-26838	110.29 MB	31e6f348c375405d29d03888e7e567d9	run accession ERR16149212; study accession PRJEB83996; library construction protocol 16S-V4V5; submitted filename SAMEA112518550_METAB-16S-V4V5_HCJF5DRX7.UDI175-BID04-1_R2_clean.fastq.gz	automatically assigned raw FASTQ file based on the BioSample SAMEA112518550	2026-03-10T10:15:00Z	MetaB_16SV4V5_Plankton_AML40um_2024	SAMEA112518550	environmental
ERR16149213_1.fastq.gz	getRawFile.cgi?id=1669-26839	110.7 MB	21447c9f1f51adb6f904a7b680a93af3	run accession ERR16149213; study accession PRJEB83996; library construction protocol 16S-V4V5; submitted filename SAMEA112518551_METAB-16S-V4V5_HCJF5DRX7.UDI116-BID01-1_R1_clean.fastq.gz	automatically assigned raw FASTQ file based on the BioSample SAMEA112518551	2026-03-10T10:15:00Z	MetaB_16SV4V5_Plankton_AML40um_2024	SAMEA112518551	environmental
ERR16149213_2.fastq.gz	getRawFile.cgi?id=1669-26840	102.26 MB	854c78d3bb57a695648109b63b744ec0	run accession ERR16149213; study accession PRJEB83996; library construction protocol 16S-V4V5; submitted filename SAMEA112518551_METAB-16S-V4V5_HCJF5DRX7.UDI116-BID01-1_R2_clean.fastq.gz	automatically assigned raw FASTQ file based on the BioSample SAMEA112518551	2026-03-10T10:15:00Z	MetaB_16SV4V5_Plankton_AML40um_2024	SAMEA112518551	environmental
ERR16149214_1.fastq.gz	getRawFile.cgi?id=1669-26883	60.34 MB	38fe17446289519074ac7238d8d844df	run accession ERR16149214; study accession PRJEB83996; library construction protocol 16S-V4V5; submitted filename SAMEA112518554_METAB-16S-V4V5_HCJF5DRX7.UDI163-BID04-1_R1_clean.fastq.gz	automatically assigned raw FASTQ file based on the BioSample SAMEA112518554	2026-03-10T10:15:00Z	MetaB_16SV4V5_Plankton_AML40um_2024	SAMEA112518554	environmental
ERR16149214_2.fastq.gz	getRawFile.cgi?id=1669-26884	58.99 MB	2775d0ac03c0f80d77c74d51555d328d	run accession ERR16149214; study accession PRJEB83996; library construction protocol 16S-V4V5; submitted filename SAMEA112518554_METAB-16S-V4V5_HCJF5DRX7.UDI163-BID04-1_R2_clean.fastq.gz	automatically assigned raw FASTQ file based on the BioSample SAMEA112518554	2026-03-10T10:15:00Z	MetaB_16SV4V5_Plankton_AML40um_2024	SAMEA112518554	environmental
ERR16149215_1.fastq.gz	getRawFile.cgi?id=1669-26885	158.8 MB	0721c94ce3c2d87cb55b77d9e6e5354d	run accession ERR16149215; study accession PRJEB83996; library construction protocol 16S-V4V5; submitted filename SAMEA112518556_METAB-16S-V4V5_HCJF5DRX7.UDI104-BID05-1_R1_clean.fastq.gz	automatically assigned raw FASTQ file based on the BioSample SAMEA112518556	2026-03-10T10:15:00Z	MetaB_16SV4V5_Plankton_AML40um_2024	SAMEA112518556	environmental
ERR16149215_2.fastq.gz	getRawFile.cgi?id=1669-26886	153.73 MB	b0a213ea6644691ab7c5687917ba6b9b	run accession ERR16149215; study accession PRJEB83996; library construction protocol 16S-V4V5; submitted filename SAMEA112518556_METAB-16S-V4V5_HCJF5DRX7.UDI104-BID05-1_R2_clean.fastq.gz	automatically assigned raw FASTQ file based on the BioSample SAMEA112518556	2026-03-10T10:15:00Z	MetaB_16SV4V5_Plankton_AML40um_2024	SAMEA112518556	environmental
ERR16149216_1.fastq.gz	getRawFile.cgi?id=1669-26953	192.05 MB	9619bf0d5fe32618ae964231c85ad7e9	run accession ERR16149216; study accession PRJEB83996; library construction protocol 16S-V4V5; submitted filename SAMEA112518557_METAB-16S-V4V5_HCJF5DRX7.UDI175-BID05-1_R1_clean.fastq.gz	automatically assigned raw FASTQ file based on the BioSample SAMEA112518557	2026-03-10T10:15:00Z	MetaB_16SV4V5_Plankton_AML40um_2024	SAMEA112518557	environmental
ERR16149216_2.fastq.gz	getRawFile.cgi?id=1669-26954	188.51 MB	efa2df8f695cb825ccc9f6b292aa88f1	run accession ERR16149216; study accession PRJEB83996; library construction protocol 16S-V4V5; submitted filename SAMEA112518557_METAB-16S-V4V5_HCJF5DRX7.UDI175-BID05-1_R2_clean.fastq.gz	automatically assigned raw FASTQ file based on the BioSample SAMEA112518557	2026-03-10T10:15:00Z	MetaB_16SV4V5_Plankton_AML40um_2024	SAMEA112518557	environmental
ERR16149217_1.fastq.gz	getRawFile.cgi?id=1669-26887	132.15 MB	c57205a7b26060fa4a6784527334a488	run accession ERR16149217; study accession PRJEB83996; library construction protocol 16S-V4V5; submitted filename SAMEA112518558_METAB-16S-V4V5_HCJF5DRX7.UDI163-BID05-1_R1_clean.fastq.gz	automatically assigned raw FASTQ file based on the BioSample SAMEA112518558	2026-03-10T10:15:00Z	MetaB_16SV4V5_Plankton_AML40um_2024	SAMEA112518558	environmental
ERR16149217_2.fastq.gz	getRawFile.cgi?id=1669-26888	130.07 MB	9c0b9b7ac95e12fcd017e7e3d5f0fb55	run accession ERR16149217; study accession PRJEB83996; library construction protocol 16S-V4V5; submitted filename SAMEA112518558_METAB-16S-V4V5_HCJF5DRX7.UDI163-BID05-1_R2_clean.fastq.gz	automatically assigned raw FASTQ file based on the BioSample SAMEA112518558	2026-03-10T10:15:00Z	MetaB_16SV4V5_Plankton_AML40um_2024	SAMEA112518558	environmental
ERR16149218_1.fastq.gz	getRawFile.cgi?id=1669-26955	83.69 MB	12d3e6d7e7371cdfdd93c97ee5bbe126	run accession ERR16149218; study accession PRJEB83996; library construction protocol 16S-V4V5; submitted filename SAMEA112518589_METAB-16S-V4V5_HCJF5DRX7.UDI104-BID11-1_R1_clean.fastq.gz	automatically assigned raw FASTQ file based on the BioSample SAMEA112518589	2026-03-10T10:15:00Z	MetaB_16SV4V5_Plankton_AML40um_2024	SAMEA112518589	environmental
ERR16149218_2.fastq.gz	getRawFile.cgi?id=1669-26956	80.3 MB	c2a5d7cc2659bc63a95350223c55c3a4	run accession ERR16149218; study accession PRJEB83996; library construction protocol 16S-V4V5; submitted filename SAMEA112518589_METAB-16S-V4V5_HCJF5DRX7.UDI104-BID11-1_R2_clean.fastq.gz	automatically assigned raw FASTQ file based on the BioSample SAMEA112518589	2026-03-10T10:15:00Z	MetaB_16SV4V5_Plankton_AML40um_2024	SAMEA112518589	environmental
ERR16149219_1.fastq.gz	getRawFile.cgi?id=1669-26889	223.42 MB	32319773e19e34a72af669a6c7c30dec	run accession ERR16149219; study accession PRJEB83996; library construction protocol 16S-V4V5; submitted filename SAMEA112518594_METAB-16S-V4V5_HCJF5DRX7.UDI104-BID13-1_R1_clean.fastq.gz	automatically assigned raw FASTQ file based on the BioSample SAMEA112518594	2026-03-10T10:15:00Z	MetaB_16SV4V5_Plankton_AML40um_2024	SAMEA112518594	environmental
ERR16149219_2.fastq.gz	getRawFile.cgi?id=1669-26890	212.43 MB	3f76fa649678fc2af653f56d0f12d7ef	run accession ERR16149219; study accession PRJEB83996; library construction protocol 16S-V4V5; submitted filename SAMEA112518594_METAB-16S-V4V5_HCJF5DRX7.UDI104-BID13-1_R2_clean.fastq.gz	automatically assigned raw FASTQ file based on the BioSample SAMEA112518594	2026-03-10T10:15:00Z	MetaB_16SV4V5_Plankton_AML40um_2024	SAMEA112518594	environmental
ERR16149220_1.fastq.gz	getRawFile.cgi?id=1669-26891	40.4 MB	19cfde3bcba94f4a1f55e7534e6d676f	run accession ERR16149220; study accession PRJEB83996; library construction protocol 16S-V4V5; submitted filename SAMEA112518830_METAB-16S-V4V5_HCJF5DRX7.UDI163-BID11-1_R1_clean.fastq.gz	automatically assigned raw FASTQ file based on the BioSample SAMEA112518830	2026-03-10T10:15:00Z	MetaB_16SV4V5_Plankton_AML40um_2024	SAMEA112518830	environmental
ERR16149220_2.fastq.gz	getRawFile.cgi?id=1669-26892	42.56 MB	e8b4e01a5c99df41b73ce9505ef6f4ce	run accession ERR16149220; study accession PRJEB83996; library construction protocol 16S-V4V5; submitted filename SAMEA112518830_METAB-16S-V4V5_HCJF5DRX7.UDI163-BID11-1_R2_clean.fastq.gz	automatically assigned raw FASTQ file based on the BioSample SAMEA112518830	2026-03-10T10:15:00Z	MetaB_16SV4V5_Plankton_AML40um_2024	SAMEA112518830	environmental
ERR16149221_1.fastq.gz	getRawFile.cgi?id=1669-26893	78.68 MB	624b2b69600d397e914a77412a8840c6	run accession ERR16149221; study accession PRJEB83996; library construction protocol 16S-V4V5; submitted filename SAMEA112518831_METAB-16S-V4V5_HCJF5DRX7.UDI163-BID13-1_R1_clean.fastq.gz	automatically assigned raw FASTQ file based on the BioSample SAMEA112518831	2026-03-10T10:15:00Z	MetaB_16SV4V5_Plankton_AML40um_2024	SAMEA112518831	environmental
ERR16149221_2.fastq.gz	getRawFile.cgi?id=1669-26894	86.89 MB	b99fd16c4a6d7fdc2c9679af517145a8	run accession ERR16149221; study accession PRJEB83996; library construction protocol 16S-V4V5; submitted filename SAMEA112518831_METAB-16S-V4V5_HCJF5DRX7.UDI163-BID13-1_R2_clean.fastq.gz	automatically assigned raw FASTQ file based on the BioSample SAMEA112518831	2026-03-10T10:15:00Z	MetaB_16SV4V5_Plankton_AML40um_2024	SAMEA112518831	environmental
ERR16149222_1.fastq.gz	getRawFile.cgi?id=1669-26895	20.87 MB	dbde4e31c9b8001a8bfaa0f53bdcda13	run accession ERR16149222; study accession PRJEB83996; library construction protocol 16S-V4V5; submitted filename SAMEA112518833_METAB-16S-V4V5_HCJF5DRX7.UDI163-BID15-1_R1_clean.fastq.gz	automatically assigned raw FASTQ file based on the BioSample SAMEA112518833	2026-03-10T10:15:00Z	MetaB_16SV4V5_Plankton_AML40um_2024	SAMEA112518833	environmental
ERR16149222_2.fastq.gz	getRawFile.cgi?id=1669-26896	22.55 MB	30482a2a9e1f013fafa7e1d9e6620900	run accession ERR16149222; study accession PRJEB83996; library construction protocol 16S-V4V5; submitted filename SAMEA112518833_METAB-16S-V4V5_HCJF5DRX7.UDI163-BID15-1_R2_clean.fastq.gz	automatically assigned raw FASTQ file based on the BioSample SAMEA112518833	2026-03-10T10:15:00Z	MetaB_16SV4V5_Plankton_AML40um_2024	SAMEA112518833	environmental
ERR16149223_1.fastq.gz	getRawFile.cgi?id=1669-26897	74.28 MB	ba2dce27646c1fb8b9da234d75918aa9	run accession ERR16149223; study accession PRJEB83996; library construction protocol 16S-V4V5; submitted filename SAMEA112518834_METAB-16S-V4V5_HCJF5DRX7.UDI163-BID16-1_R1_clean.fastq.gz	automatically assigned raw FASTQ file based on the BioSample SAMEA112518834	2026-03-10T10:15:00Z	MetaB_16SV4V5_Plankton_AML40um_2024	SAMEA112518834	environmental
ERR16149223_2.fastq.gz	getRawFile.cgi?id=1669-26898	79.18 MB	2086a60f2cd9822921c5572bfb079f33	run accession ERR16149223; study accession PRJEB83996; library construction protocol 16S-V4V5; submitted filename SAMEA112518834_METAB-16S-V4V5_HCJF5DRX7.UDI163-BID16-1_R2_clean.fastq.gz	automatically assigned raw FASTQ file based on the BioSample SAMEA112518834	2026-03-10T10:15:00Z	MetaB_16SV4V5_Plankton_AML40um_2024	SAMEA112518834	environmental
ERR16149224_1.fastq.gz	getRawFile.cgi?id=1669-26841	47.25 MB	8ce4b247538f3ba9d7d3c233291ba86f	run accession ERR16149224; study accession PRJEB83996; library construction protocol 16S-V4V5; submitted filename SAMEA112518836_METAB-16S-V4V5_HCJF5DRX7.UDI187-BID08-1_R1_clean.fastq.gz	automatically assigned raw FASTQ file based on the BioSample SAMEA112518836	2026-03-10T10:15:00Z	MetaB_16SV4V5_Plankton_AML40um_2024	SAMEA112518836	environmental
ERR16149224_2.fastq.gz	getRawFile.cgi?id=1669-26842	44.82 MB	7e3f4adac0a04a4ed901f9ba242e1361	run accession ERR16149224; study accession PRJEB83996; library construction protocol 16S-V4V5; submitted filename SAMEA112518836_METAB-16S-V4V5_HCJF5DRX7.UDI187-BID08-1_R2_clean.fastq.gz	automatically assigned raw FASTQ file based on the BioSample SAMEA112518836	2026-03-10T10:15:00Z	MetaB_16SV4V5_Plankton_AML40um_2024	SAMEA112518836	environmental
ERR16149225_1.fastq.gz	getRawFile.cgi?id=1669-26843	61.56 MB	9660bc66c0001a39fa20ec54ef668e71	run accession ERR16149225; study accession PRJEB83996; library construction protocol 16S-V4V5; submitted filename SAMEA112518840_METAB-16S-V4V5_HCJF5DRX7.UDI163-BID17-1_R1_clean.fastq.gz	automatically assigned raw FASTQ file based on the BioSample SAMEA112518840	2026-03-10T10:15:00Z	MetaB_16SV4V5_Plankton_AML40um_2024	SAMEA112518840	environmental
ERR16149225_2.fastq.gz	getRawFile.cgi?id=1669-26844	69.15 MB	341011e02f721fe914a6b975964b0326	run accession ERR16149225; study accession PRJEB83996; library construction protocol 16S-V4V5; submitted filename SAMEA112518840_METAB-16S-V4V5_HCJF5DRX7.UDI163-BID17-1_R2_clean.fastq.gz	automatically assigned raw FASTQ file based on the BioSample SAMEA112518840	2026-03-10T10:15:00Z	MetaB_16SV4V5_Plankton_AML40um_2024	SAMEA112518840	environmental
ERR16149226_1.fastq.gz	getRawFile.cgi?id=1669-26899	69.58 MB	ace678e31d98717fb54f6e9e1419285f	run accession ERR16149226; study accession PRJEB83996; library construction protocol 16S-V4V5; submitted filename SAMEA112518841_METAB-16S-V4V5_HCJF5DRX7.UDI164-BID01-1_R1_clean.fastq.gz	automatically assigned raw FASTQ file based on the BioSample SAMEA112518841	2026-03-10T10:15:00Z	MetaB_16SV4V5_Plankton_AML40um_2024	SAMEA112518841	environmental
ERR16149226_2.fastq.gz	getRawFile.cgi?id=1669-26900	76 MB	f38e4fd94cf5077ed1b2f72d8ab9df97	run accession ERR16149226; study accession PRJEB83996; library construction protocol 16S-V4V5; submitted filename SAMEA112518841_METAB-16S-V4V5_HCJF5DRX7.UDI164-BID01-1_R2_clean.fastq.gz	automatically assigned raw FASTQ file based on the BioSample SAMEA112518841	2026-03-10T10:15:00Z	MetaB_16SV4V5_Plankton_AML40um_2024	SAMEA112518841	environmental
ERR16149227_1.fastq.gz	getRawFile.cgi?id=1669-26901	28.42 MB	08106f48034e514d6f5282806e25232e	run accession ERR16149227; study accession PRJEB83996; library construction protocol 16S-V4V5; submitted filename SAMEA112518848_METAB-16S-V4V5_HCJF5DRX7.UDI164-BID02-1_R1_clean.fastq.gz	automatically assigned raw FASTQ file based on the BioSample SAMEA112518848	2026-03-10T10:15:00Z	MetaB_16SV4V5_Plankton_AML40um_2024	SAMEA112518848	environmental
ERR16149227_2.fastq.gz	getRawFile.cgi?id=1669-26902	31.25 MB	ea48c763e0f28a6ddd7f9d0a98bf08da	run accession ERR16149227; study accession PRJEB83996; library construction protocol 16S-V4V5; submitted filename SAMEA112518848_METAB-16S-V4V5_HCJF5DRX7.UDI164-BID02-1_R2_clean.fastq.gz	automatically assigned raw FASTQ file based on the BioSample SAMEA112518848	2026-03-10T10:15:00Z	MetaB_16SV4V5_Plankton_AML40um_2024	SAMEA112518848	environmental
ERR16149228_1.fastq.gz	getRawFile.cgi?id=1669-26845	42.42 MB	4bdca2f4807eb048241f095cc6edd9bb	run accession ERR16149228; study accession PRJEB83996; library construction protocol 16S-V4V5; submitted filename SAMEA112518849_METAB-16S-V4V5_HCJF5DRX7.UDI164-BID04-1_R1_clean.fastq.gz	automatically assigned raw FASTQ file based on the BioSample SAMEA112518849	2026-03-10T10:15:00Z	MetaB_16SV4V5_Plankton_AML40um_2024	SAMEA112518849	environmental
ERR16149228_2.fastq.gz	getRawFile.cgi?id=1669-26846	48.66 MB	6b4d3063f2328b2ae4c60646efb9f717	run accession ERR16149228; study accession PRJEB83996; library construction protocol 16S-V4V5; submitted filename SAMEA112518849_METAB-16S-V4V5_HCJF5DRX7.UDI164-BID04-1_R2_clean.fastq.gz	automatically assigned raw FASTQ file based on the BioSample SAMEA112518849	2026-03-10T10:15:00Z	MetaB_16SV4V5_Plankton_AML40um_2024	SAMEA112518849	environmental
ERR16149229_1.fastq.gz	getRawFile.cgi?id=1669-26957	72.64 MB	0cc58fbd372bc80a7373e0dc6762a061	run accession ERR16149229; study accession PRJEB83996; library construction protocol 16S-V4V5; submitted filename SAMEA112518850_METAB-16S-V4V5_HCJF5DRX7.UDI164-BID05-1_R1_clean.fastq.gz	automatically assigned raw FASTQ file based on the BioSample SAMEA112518850	2026-03-10T10:15:00Z	MetaB_16SV4V5_Plankton_AML40um_2024	SAMEA112518850	environmental
ERR16149229_2.fastq.gz	getRawFile.cgi?id=1669-26958	84.25 MB	c1522e06051c7ce22e1d117fd1ba322d	run accession ERR16149229; study accession PRJEB83996; library construction protocol 16S-V4V5; submitted filename SAMEA112518850_METAB-16S-V4V5_HCJF5DRX7.UDI164-BID05-1_R2_clean.fastq.gz	automatically assigned raw FASTQ file based on the BioSample SAMEA112518850	2026-03-10T10:15:00Z	MetaB_16SV4V5_Plankton_AML40um_2024	SAMEA112518850	environmental
ERR16149230_1.fastq.gz	getRawFile.cgi?id=1669-26959	35.39 MB	eaf5ced3732dcfc70fe90a52bef17556	run accession ERR16149230; study accession PRJEB83996; library construction protocol 16S-V4V5; submitted filename SAMEA112518851_METAB-16S-V4V5_HCJF5DRX7.UDI164-BID08-1_R1_clean.fastq.gz	automatically assigned raw FASTQ file based on the BioSample SAMEA112518851	2026-03-10T10:15:00Z	MetaB_16SV4V5_Plankton_AML40um_2024	SAMEA112518851	environmental
ERR16149230_2.fastq.gz	getRawFile.cgi?id=1669-26960	39.25 MB	940da9c0024b9952a7d97eb67ed01587	run accession ERR16149230; study accession PRJEB83996; library construction protocol 16S-V4V5; submitted filename SAMEA112518851_METAB-16S-V4V5_HCJF5DRX7.UDI164-BID08-1_R2_clean.fastq.gz	automatically assigned raw FASTQ file based on the BioSample SAMEA112518851	2026-03-10T10:15:00Z	MetaB_16SV4V5_Plankton_AML40um_2024	SAMEA112518851	environmental
ERR16149231_1.fastq.gz	getRawFile.cgi?id=1669-26847	111.08 MB	f28eaa4f829a283817d4ef09d9eb3fcd	run accession ERR16149231; study accession PRJEB83996; library construction protocol 16S-V4V5; submitted filename SAMEA112518852_METAB-16S-V4V5_HCJF5DRX7.UDI164-BID09-1_R1_clean.fastq.gz	automatically assigned raw FASTQ file based on the BioSample SAMEA112518852	2026-03-10T10:15:00Z	MetaB_16SV4V5_Plankton_AML40um_2024	SAMEA112518852	environmental
ERR16149231_2.fastq.gz	getRawFile.cgi?id=1669-26848	107.92 MB	5b988f9bf929c205091ed4ebe1916631	run accession ERR16149231; study accession PRJEB83996; library construction protocol 16S-V4V5; submitted filename SAMEA112518852_METAB-16S-V4V5_HCJF5DRX7.UDI164-BID09-1_R2_clean.fastq.gz	automatically assigned raw FASTQ file based on the BioSample SAMEA112518852	2026-03-10T10:15:00Z	MetaB_16SV4V5_Plankton_AML40um_2024	SAMEA112518852	environmental
ERR16149232_1.fastq.gz	getRawFile.cgi?id=1669-26849	119.47 MB	04d1e6b76e8003a425cad28a6963cb14	run accession ERR16149232; study accession PRJEB83996; library construction protocol 16S-V4V5; submitted filename SAMEA112518853_METAB-16S-V4V5_HCJF5DRX7.UDI164-BID11-1_R1_clean.fastq.gz	automatically assigned raw FASTQ file based on the BioSample SAMEA112518853	2026-03-10T10:15:00Z	MetaB_16SV4V5_Plankton_AML40um_2024	SAMEA112518853	environmental
ERR16149232_2.fastq.gz	getRawFile.cgi?id=1669-26850	116.71 MB	f0681330254229deeffaaf38dff861df	run accession ERR16149232; study accession PRJEB83996; library construction protocol 16S-V4V5; submitted filename SAMEA112518853_METAB-16S-V4V5_HCJF5DRX7.UDI164-BID11-1_R2_clean.fastq.gz	automatically assigned raw FASTQ file based on the BioSample SAMEA112518853	2026-03-10T10:15:00Z	MetaB_16SV4V5_Plankton_AML40um_2024	SAMEA112518853	environmental
ERR16149233_1.fastq.gz	getRawFile.cgi?id=1669-26903	102.94 MB	5b8bb85f36d4c87deee633b32feb7644	run accession ERR16149233; study accession PRJEB83996; library construction protocol 16S-V4V5; submitted filename SAMEA112518862_METAB-16S-V4V5_HCJF5DRX7.UDI164-BID13-1_R1_clean.fastq.gz	automatically assigned raw FASTQ file based on the BioSample SAMEA112518862	2026-03-10T10:15:00Z	MetaB_16SV4V5_Plankton_AML40um_2024	SAMEA112518862	environmental
ERR16149233_2.fastq.gz	getRawFile.cgi?id=1669-26904	114.71 MB	e2ef1b9bc8e68196eb4becf1d05d280a	run accession ERR16149233; study accession PRJEB83996; library construction protocol 16S-V4V5; submitted filename SAMEA112518862_METAB-16S-V4V5_HCJF5DRX7.UDI164-BID13-1_R2_clean.fastq.gz	automatically assigned raw FASTQ file based on the BioSample SAMEA112518862	2026-03-10T10:15:00Z	MetaB_16SV4V5_Plankton_AML40um_2024	SAMEA112518862	environmental
ERR16149234_1.fastq.gz	getRawFile.cgi?id=1669-26851	28.85 MB	09c49c04e29175634affe58b357bd876	run accession ERR16149234; study accession PRJEB83996; library construction protocol 16S-V4V5; submitted filename SAMEA112518863_METAB-16S-V4V5_HCJF5DRX7.UDI175-BID15-1_R1_clean.fastq.gz	automatically assigned raw FASTQ file based on the BioSample SAMEA112518863	2026-03-10T10:15:00Z	MetaB_16SV4V5_Plankton_AML40um_2024	SAMEA112518863	environmental
ERR16149234_2.fastq.gz	getRawFile.cgi?id=1669-26852	35.28 MB	85c8ef77f28f8196d4ccb873c3f3b1a5	run accession ERR16149234; study accession PRJEB83996; library construction protocol 16S-V4V5; submitted filename SAMEA112518863_METAB-16S-V4V5_HCJF5DRX7.UDI175-BID15-1_R2_clean.fastq.gz	automatically assigned raw FASTQ file based on the BioSample SAMEA112518863	2026-03-10T10:15:00Z	MetaB_16SV4V5_Plankton_AML40um_2024	SAMEA112518863	environmental
ERR16149235_1.fastq.gz	getRawFile.cgi?id=1669-26961	48 MB	cf4f6e2b8c64ce074ac81d79b7aa6de7	run accession ERR16149235; study accession PRJEB83996; library construction protocol 16S-V4V5; submitted filename SAMEA112518869_METAB-16S-V4V5_HCJF5DRX7.UDI128-BID16-1_R1_clean.fastq.gz	automatically assigned raw FASTQ file based on the BioSample SAMEA112518869	2026-03-10T10:15:00Z	MetaB_16SV4V5_Plankton_AML40um_2024	SAMEA112518869	environmental
ERR16149235_2.fastq.gz	getRawFile.cgi?id=1669-26962	55.09 MB	503b0259f37e1468f8aeb6799a928474	run accession ERR16149235; study accession PRJEB83996; library construction protocol 16S-V4V5; submitted filename SAMEA112518869_METAB-16S-V4V5_HCJF5DRX7.UDI128-BID16-1_R2_clean.fastq.gz	automatically assigned raw FASTQ file based on the BioSample SAMEA112518869	2026-03-10T10:15:00Z	MetaB_16SV4V5_Plankton_AML40um_2024	SAMEA112518869	environmental
ERR16149236_1.fastq.gz	getRawFile.cgi?id=1669-26905	66.49 MB	8cda2c98417503ac34b9eca027f5ccdf	run accession ERR16149236; study accession PRJEB83996; library construction protocol 16S-V4V5; submitted filename SAMEA112518870_METAB-16S-V4V5_HCJF5DRX7.UDI175-BID17-1_R1_clean.fastq.gz	automatically assigned raw FASTQ file based on the BioSample SAMEA112518870	2026-03-10T10:15:00Z	MetaB_16SV4V5_Plankton_AML40um_2024	SAMEA112518870	environmental
ERR16149236_2.fastq.gz	getRawFile.cgi?id=1669-26906	78.65 MB	d76c113ff87abb3a9245dfe508fc9d03	run accession ERR16149236; study accession PRJEB83996; library construction protocol 16S-V4V5; submitted filename SAMEA112518870_METAB-16S-V4V5_HCJF5DRX7.UDI175-BID17-1_R2_clean.fastq.gz	automatically assigned raw FASTQ file based on the BioSample SAMEA112518870	2026-03-10T10:15:00Z	MetaB_16SV4V5_Plankton_AML40um_2024	SAMEA112518870	environmental
ERR16149237_1.fastq.gz	getRawFile.cgi?id=1669-26853	47.92 MB	defdabb793e7b8aed7172fdeea1d230e	run accession ERR16149237; study accession PRJEB83996; library construction protocol 16S-V4V5; submitted filename SAMEA112518878_METAB-16S-V4V5_HCJF5DRX7.UDI176-BID01-1_R1_clean.fastq.gz	automatically assigned raw FASTQ file based on the BioSample SAMEA112518878	2026-03-10T10:15:00Z	MetaB_16SV4V5_Plankton_AML40um_2024	SAMEA112518878	environmental
ERR16149237_2.fastq.gz	getRawFile.cgi?id=1669-26854	51.5 MB	6121c943213d17bc0a8f8cb94ca39028	run accession ERR16149237; study accession PRJEB83996; library construction protocol 16S-V4V5; submitted filename SAMEA112518878_METAB-16S-V4V5_HCJF5DRX7.UDI176-BID01-1_R2_clean.fastq.gz	automatically assigned raw FASTQ file based on the BioSample SAMEA112518878	2026-03-10T10:15:00Z	MetaB_16SV4V5_Plankton_AML40um_2024	SAMEA112518878	environmental
ERR16149238_1.fastq.gz	getRawFile.cgi?id=1669-26855	33 MB	680cdb1d9c4911c773915757bafa5c7f	run accession ERR16149238; study accession PRJEB83996; library construction protocol 16S-V4V5; submitted filename SAMEA112518879_METAB-16S-V4V5_HCJF5DRX7.UDI176-BID02-1_R1_clean.fastq.gz	automatically assigned raw FASTQ file based on the BioSample SAMEA112518879	2026-03-10T10:15:00Z	MetaB_16SV4V5_Plankton_AML40um_2024	SAMEA112518879	environmental
ERR16149238_2.fastq.gz	getRawFile.cgi?id=1669-26856	32.73 MB	3c77abb816f9dff98861a4dcd2cebb40	run accession ERR16149238; study accession PRJEB83996; library construction protocol 16S-V4V5; submitted filename SAMEA112518879_METAB-16S-V4V5_HCJF5DRX7.UDI176-BID02-1_R2_clean.fastq.gz	automatically assigned raw FASTQ file based on the BioSample SAMEA112518879	2026-03-10T10:15:00Z	MetaB_16SV4V5_Plankton_AML40um_2024	SAMEA112518879	environmental
ERR16149239_1.fastq.gz	getRawFile.cgi?id=1669-26907	25.72 MB	5f801536782bfc6c177110e4f1694418	run accession ERR16149239; study accession PRJEB83996; library construction protocol 16S-V4V5; submitted filename SAMEA112518886_METAB-16S-V4V5_HCJF5DRX7.UDI176-BID04-1_R1_clean.fastq.gz	automatically assigned raw FASTQ file based on the BioSample SAMEA112518886	2026-03-10T10:15:00Z	MetaB_16SV4V5_Plankton_AML40um_2024	SAMEA112518886	environmental
ERR16149239_2.fastq.gz	getRawFile.cgi?id=1669-26908	29.55 MB	54fbeb44eabce7aa7189b33a5a121426	run accession ERR16149239; study accession PRJEB83996; library construction protocol 16S-V4V5; submitted filename SAMEA112518886_METAB-16S-V4V5_HCJF5DRX7.UDI176-BID04-1_R2_clean.fastq.gz	automatically assigned raw FASTQ file based on the BioSample SAMEA112518886	2026-03-10T10:15:00Z	MetaB_16SV4V5_Plankton_AML40um_2024	SAMEA112518886	environmental
ERR16149240_1.fastq.gz	getRawFile.cgi?id=1669-26963	41.67 MB	745bbbc44748edfd7d90b21a85707df1	run accession ERR16149240; study accession PRJEB83996; library construction protocol 16S-V4V5; submitted filename SAMEA112518887_METAB-16S-V4V5_HCJF5DRX7.UDI176-BID05-1_R1_clean.fastq.gz	automatically assigned raw FASTQ file based on the BioSample SAMEA112518887	2026-03-10T10:15:00Z	MetaB_16SV4V5_Plankton_AML40um_2024	SAMEA112518887	environmental
ERR16149240_2.fastq.gz	getRawFile.cgi?id=1669-26964	47.78 MB	96b2f82a45ea3e886d9bd72e5cf19730	run accession ERR16149240; study accession PRJEB83996; library construction protocol 16S-V4V5; submitted filename SAMEA112518887_METAB-16S-V4V5_HCJF5DRX7.UDI176-BID05-1_R2_clean.fastq.gz	automatically assigned raw FASTQ file based on the BioSample SAMEA112518887	2026-03-10T10:15:00Z	MetaB_16SV4V5_Plankton_AML40um_2024	SAMEA112518887	environmental
ERR16149241_1.fastq.gz	getRawFile.cgi?id=1669-26909	49.35 MB	b1e255bb2f59edbf8da3c8f763c855d1	run accession ERR16149241; study accession PRJEB83996; library construction protocol 16S-V4V5; submitted filename SAMEA112518895_METAB-16S-V4V5_HCJF5DRX7.UDI187-BID09-1_R1_clean.fastq.gz	automatically assigned raw FASTQ file based on the BioSample SAMEA112518895	2026-03-10T10:15:00Z	MetaB_16SV4V5_Plankton_AML40um_2024	SAMEA112518895	environmental
ERR16149241_2.fastq.gz	getRawFile.cgi?id=1669-26910	43.76 MB	21341682221aa59ab40c933b6fd61771	run accession ERR16149241; study accession PRJEB83996; library construction protocol 16S-V4V5; submitted filename SAMEA112518895_METAB-16S-V4V5_HCJF5DRX7.UDI187-BID09-1_R2_clean.fastq.gz	automatically assigned raw FASTQ file based on the BioSample SAMEA112518895	2026-03-10T10:15:00Z	MetaB_16SV4V5_Plankton_AML40um_2024	SAMEA112518895	environmental
ERR16149242_1.fastq.gz	getRawFile.cgi?id=1669-26965	32.34 MB	27d5f148b27c2baa1631c808e599390c	run accession ERR16149242; study accession PRJEB83996; library construction protocol 16S-V4V5; submitted filename SAMEA112518899_METAB-16S-V4V5_HCJF5DRX7.UDI176-BID08-1_R1_clean.fastq.gz	automatically assigned raw FASTQ file based on the BioSample SAMEA112518899	2026-03-10T10:15:00Z	MetaB_16SV4V5_Plankton_AML40um_2024	SAMEA112518899	environmental
ERR16149242_2.fastq.gz	getRawFile.cgi?id=1669-26966	33.94 MB	d00587662629fa1a9b078de570526c68	run accession ERR16149242; study accession PRJEB83996; library construction protocol 16S-V4V5; submitted filename SAMEA112518899_METAB-16S-V4V5_HCJF5DRX7.UDI176-BID08-1_R2_clean.fastq.gz	automatically assigned raw FASTQ file based on the BioSample SAMEA112518899	2026-03-10T10:15:00Z	MetaB_16SV4V5_Plankton_AML40um_2024	SAMEA112518899	environmental
ERR16149243_1.fastq.gz	getRawFile.cgi?id=1669-26967	43.23 MB	700cf7ed09de416176e1dbfc7fcbd933	run accession ERR16149243; study accession PRJEB83996; library construction protocol 16S-V4V5; submitted filename SAMEA112518901_METAB-16S-V4V5_HCJF5DRX7.UDI116-BID09-1_R1_clean.fastq.gz	automatically assigned raw FASTQ file based on the BioSample SAMEA112518901	2026-03-10T10:15:00Z	MetaB_16SV4V5_Plankton_AML40um_2024	SAMEA112518901	environmental
ERR16149243_2.fastq.gz	getRawFile.cgi?id=1669-26968	48.92 MB	0acf7eb8a17f2c38a50f574d4b9fd056	run accession ERR16149243; study accession PRJEB83996; library construction protocol 16S-V4V5; submitted filename SAMEA112518901_METAB-16S-V4V5_HCJF5DRX7.UDI116-BID09-1_R2_clean.fastq.gz	automatically assigned raw FASTQ file based on the BioSample SAMEA112518901	2026-03-10T10:15:00Z	MetaB_16SV4V5_Plankton_AML40um_2024	SAMEA112518901	environmental
ERR16149244_1.fastq.gz	getRawFile.cgi?id=1669-26969	79.08 MB	4f80b2cee3196296a0885f80e2d41928	run accession ERR16149244; study accession PRJEB83996; library construction protocol 16S-V4V5; submitted filename SAMEA112518904_METAB-16S-V4V5_HCJF5DRX7.UDI187-BID11-1_R1_clean.fastq.gz	automatically assigned raw FASTQ file based on the BioSample SAMEA112518904	2026-03-10T10:15:00Z	MetaB_16SV4V5_Plankton_AML40um_2024	SAMEA112518904	environmental
ERR16149244_2.fastq.gz	getRawFile.cgi?id=1669-26970	76.43 MB	ffedd7c5188fd92b2f76725fa8e23ea8	run accession ERR16149244; study accession PRJEB83996; library construction protocol 16S-V4V5; submitted filename SAMEA112518904_METAB-16S-V4V5_HCJF5DRX7.UDI187-BID11-1_R2_clean.fastq.gz	automatically assigned raw FASTQ file based on the BioSample SAMEA112518904	2026-03-10T10:15:00Z	MetaB_16SV4V5_Plankton_AML40um_2024	SAMEA112518904	environmental
ERR16149245_1.fastq.gz	getRawFile.cgi?id=1669-26857	118.61 MB	811b63e5a71b594ef8a99fa638bbacd0	run accession ERR16149245; study accession PRJEB83996; library construction protocol 16S-V4V5; submitted filename SAMEA112518926_METAB-16S-V4V5_HCJF5DRX7.UDI187-BID13-1_R1_clean.fastq.gz	automatically assigned raw FASTQ file based on the BioSample SAMEA112518926	2026-03-10T10:15:00Z	MetaB_16SV4V5_Plankton_AML40um_2024	SAMEA112518926	environmental
ERR16149245_2.fastq.gz	getRawFile.cgi?id=1669-26858	113.24 MB	ece213eac440c3f700e37ecda529b2d9	run accession ERR16149245; study accession PRJEB83996; library construction protocol 16S-V4V5; submitted filename SAMEA112518926_METAB-16S-V4V5_HCJF5DRX7.UDI187-BID13-1_R2_clean.fastq.gz	automatically assigned raw FASTQ file based on the BioSample SAMEA112518926	2026-03-10T10:15:00Z	MetaB_16SV4V5_Plankton_AML40um_2024	SAMEA112518926	environmental
ERR16149246_1.fastq.gz	getRawFile.cgi?id=1669-26971	30.16 MB	f18316b8f06775f69a25744a3e527639	run accession ERR16149246; study accession PRJEB83996; library construction protocol 16S-V4V5; submitted filename SAMEA112518927_METAB-16S-V4V5_HCJF5DRX7.UDI187-BID15-1_R1_clean.fastq.gz	automatically assigned raw FASTQ file based on the BioSample SAMEA112518927	2026-03-10T10:15:00Z	MetaB_16SV4V5_Plankton_AML40um_2024	SAMEA112518927	environmental
ERR16149246_2.fastq.gz	getRawFile.cgi?id=1669-26972	29.04 MB	b4dc3156b54309978fbe43f7f5ea8f8e	run accession ERR16149246; study accession PRJEB83996; library construction protocol 16S-V4V5; submitted filename SAMEA112518927_METAB-16S-V4V5_HCJF5DRX7.UDI187-BID15-1_R2_clean.fastq.gz	automatically assigned raw FASTQ file based on the BioSample SAMEA112518927	2026-03-10T10:15:00Z	MetaB_16SV4V5_Plankton_AML40um_2024	SAMEA112518927	environmental
ERR16149247_1.fastq.gz	getRawFile.cgi?id=1669-26911	73.05 MB	0396a52a2db89376d3ea0b4acaa27c45	run accession ERR16149247; study accession PRJEB83996; library construction protocol 16S-V4V5; submitted filename SAMEA112518931_METAB-16S-V4V5_HCJF5DRX7.UDI176-BID11-1_R1_clean.fastq.gz	automatically assigned raw FASTQ file based on the BioSample SAMEA112518931	2026-03-10T10:15:00Z	MetaB_16SV4V5_Plankton_AML40um_2024	SAMEA112518931	environmental
ERR16149247_2.fastq.gz	getRawFile.cgi?id=1669-26912	73.06 MB	e895a37756e8832cb35730bca8c8cdd2	run accession ERR16149247; study accession PRJEB83996; library construction protocol 16S-V4V5; submitted filename SAMEA112518931_METAB-16S-V4V5_HCJF5DRX7.UDI176-BID11-1_R2_clean.fastq.gz	automatically assigned raw FASTQ file based on the BioSample SAMEA112518931	2026-03-10T10:15:00Z	MetaB_16SV4V5_Plankton_AML40um_2024	SAMEA112518931	environmental
ERR16149248_1.fastq.gz	getRawFile.cgi?id=1669-26973	135.25 MB	d761e499077738949a9e6836cdca8ca1	run accession ERR16149248; study accession PRJEB83996; library construction protocol 16S-V4V5; submitted filename SAMEA112518932_METAB-16S-V4V5_HCJF5DRX7.UDI176-BID13-1_R1_clean.fastq.gz	automatically assigned raw FASTQ file based on the BioSample SAMEA112518932	2026-03-10T10:15:00Z	MetaB_16SV4V5_Plankton_AML40um_2024	SAMEA112518932	environmental
ERR16149248_2.fastq.gz	getRawFile.cgi?id=1669-26974	140.86 MB	b52f8399f1321544aa0c60e6701897c9	run accession ERR16149248; study accession PRJEB83996; library construction protocol 16S-V4V5; submitted filename SAMEA112518932_METAB-16S-V4V5_HCJF5DRX7.UDI176-BID13-1_R2_clean.fastq.gz	automatically assigned raw FASTQ file based on the BioSample SAMEA112518932	2026-03-10T10:15:00Z	MetaB_16SV4V5_Plankton_AML40um_2024	SAMEA112518932	environmental
ERR16149249_1.fastq.gz	getRawFile.cgi?id=1669-26975	27.34 MB	26e5705430a116a5336e206d59868ebd	run accession ERR16149249; study accession PRJEB83996; library construction protocol 16S-V4V5; submitted filename SAMEA112518952_METAB-16S-V4V5_HCJF5DRX7.UDI104-BID15-1_R1_clean.fastq.gz	automatically assigned raw FASTQ file based on the BioSample SAMEA112518952	2026-03-10T10:15:00Z	MetaB_16SV4V5_Plankton_AML40um_2024	SAMEA112518952	environmental
ERR16149249_2.fastq.gz	getRawFile.cgi?id=1669-26976	31.05 MB	589317dc34055754be64be4781cf1904	run accession ERR16149249; study accession PRJEB83996; library construction protocol 16S-V4V5; submitted filename SAMEA112518952_METAB-16S-V4V5_HCJF5DRX7.UDI104-BID15-1_R2_clean.fastq.gz	automatically assigned raw FASTQ file based on the BioSample SAMEA112518952	2026-03-10T10:15:00Z	MetaB_16SV4V5_Plankton_AML40um_2024	SAMEA112518952	environmental
ERR16149250_1.fastq.gz	getRawFile.cgi?id=1669-26859	80.09 MB	edaa7b273b7927c97a03e46e82b0698a	run accession ERR16149250; study accession PRJEB83996; library construction protocol 16S-V4V5; submitted filename SAMEA112518953_METAB-16S-V4V5_HCJF5DRX7.UDI104-BID16-1_R1_clean.fastq.gz	automatically assigned raw FASTQ file based on the BioSample SAMEA112518953	2026-03-10T10:15:00Z	MetaB_16SV4V5_Plankton_AML40um_2024	SAMEA112518953	environmental
ERR16149250_2.fastq.gz	getRawFile.cgi?id=1669-26860	89.25 MB	a320533b758cfaf3c57c5cb4b1af7dfc	run accession ERR16149250; study accession PRJEB83996; library construction protocol 16S-V4V5; submitted filename SAMEA112518953_METAB-16S-V4V5_HCJF5DRX7.UDI104-BID16-1_R2_clean.fastq.gz	automatically assigned raw FASTQ file based on the BioSample SAMEA112518953	2026-03-10T10:15:00Z	MetaB_16SV4V5_Plankton_AML40um_2024	SAMEA112518953	environmental
ERR16149251_1.fastq.gz	getRawFile.cgi?id=1669-26913	82.9 MB	0e8c28c2ac41cb6cafaa0fe6eddbbb77	run accession ERR16149251; study accession PRJEB83996; library construction protocol 16S-V4V5; submitted filename SAMEA112518964_METAB-16S-V4V5_HCJF5DRX7.UDI176-BID17-1_R1_clean.fastq.gz	automatically assigned raw FASTQ file based on the BioSample SAMEA112518964	2026-03-10T10:15:00Z	MetaB_16SV4V5_Plankton_AML40um_2024	SAMEA112518964	environmental
ERR16149251_2.fastq.gz	getRawFile.cgi?id=1669-26914	86.5 MB	98a8c9cf39b14932489adb9552287c86	run accession ERR16149251; study accession PRJEB83996; library construction protocol 16S-V4V5; submitted filename SAMEA112518964_METAB-16S-V4V5_HCJF5DRX7.UDI176-BID17-1_R2_clean.fastq.gz	automatically assigned raw FASTQ file based on the BioSample SAMEA112518964	2026-03-10T10:15:00Z	MetaB_16SV4V5_Plankton_AML40um_2024	SAMEA112518964	environmental
ERR16149252_1.fastq.gz	getRawFile.cgi?id=1669-26861	66.07 MB	d3021025add1690bc653fe179bb6aa36	run accession ERR16149252; study accession PRJEB83996; library construction protocol 16S-V4V5; submitted filename SAMEA112518978_METAB-16S-V4V5_HCJF5DRX7.UDI188-BID01-1_R1_clean.fastq.gz	automatically assigned raw FASTQ file based on the BioSample SAMEA112518978	2026-03-10T10:15:00Z	MetaB_16SV4V5_Plankton_AML40um_2024	SAMEA112518978	environmental
ERR16149252_2.fastq.gz	getRawFile.cgi?id=1669-26862	72.1 MB	13d1756bbcf6a600e9a61f11a8eb5177	run accession ERR16149252; study accession PRJEB83996; library construction protocol 16S-V4V5; submitted filename SAMEA112518978_METAB-16S-V4V5_HCJF5DRX7.UDI188-BID01-1_R2_clean.fastq.gz	automatically assigned raw FASTQ file based on the BioSample SAMEA112518978	2026-03-10T10:15:00Z	MetaB_16SV4V5_Plankton_AML40um_2024	SAMEA112518978	environmental
ERR16149253_1.fastq.gz	getRawFile.cgi?id=1669-26977	22.32 MB	b239eba736e721fe96a75ee7556c3d1a	run accession ERR16149253; study accession PRJEB83996; library construction protocol 16S-V4V5; submitted filename SAMEA112518979_METAB-16S-V4V5_HCJF5DRX7.UDI188-BID02-1_R1_clean.fastq.gz	automatically assigned raw FASTQ file based on the BioSample SAMEA112518979	2026-03-10T10:15:00Z	MetaB_16SV4V5_Plankton_AML40um_2024	SAMEA112518979	environmental
ERR16149253_2.fastq.gz	getRawFile.cgi?id=1669-26978	24.15 MB	64bd4efa3cc73491d131c67b93a1db5c	run accession ERR16149253; study accession PRJEB83996; library construction protocol 16S-V4V5; submitted filename SAMEA112518979_METAB-16S-V4V5_HCJF5DRX7.UDI188-BID02-1_R2_clean.fastq.gz	automatically assigned raw FASTQ file based on the BioSample SAMEA112518979	2026-03-10T10:15:00Z	MetaB_16SV4V5_Plankton_AML40um_2024	SAMEA112518979	environmental
ERR17091345_1.fastq.gz	getRawFile.cgi?id=1669-30982	1.32 kB	e6bbcd62bbb42fa0f827fea507ae495c	run accession ERR17091345; study accession PRJEB83996; library construction protocol NEGATIVE_CONTROL; submitted filename TnegExtract-CNS-kit-41_METAB-16S-V4V5_HCJF5DRX7.UDI064-BID01-1_R1.fastq.gz	automatically assigned raw FASTQ file based on the BioSample SAMEA122159368	2026-06-11T09:37:00Z	MetaB_16SV4V5_Plankton_AML40um_2024	SAMEA122159368	control
ERR17091345_2.fastq.gz	getRawFile.cgi?id=1669-30983	1.4 kB	8a15e2b903f91f29bd6f473db0259b07	run accession ERR17091345; study accession PRJEB83996; library construction protocol NEGATIVE_CONTROL; submitted filename TnegExtract-CNS-kit-41_METAB-16S-V4V5_HCJF5DRX7.UDI064-BID01-1_R2.fastq.gz	automatically assigned raw FASTQ file based on the BioSample SAMEA122159368	2026-06-11T09:37:00Z	MetaB_16SV4V5_Plankton_AML40um_2024	SAMEA122159368	control
ERR17091346_1.fastq.gz	getRawFile.cgi?id=1669-30962	204 B	98ec7dc34d10d2d6f3a1e6553185653d	run accession ERR17091346; study accession PRJEB83996; library construction protocol NEGATIVE_CONTROL; submitted filename Tneg_Tag_eau_Ambion_METAB-16S-V4V5_HCJF5DRX7.UDI140-BID18-1_R1.fastq.gz	automatically assigned raw FASTQ file based on the BioSample SAMEA122248694	2026-06-11T09:37:00Z	MetaB_16SV4V5_Plankton_AML40um_2024	SAMEA122248694	control
ERR17091346_2.fastq.gz	getRawFile.cgi?id=1669-30963	187 B	c3f0e6cc477a298fa13812d38eedcf43	run accession ERR17091346; study accession PRJEB83996; library construction protocol NEGATIVE_CONTROL; submitted filename Tneg_Tag_eau_Ambion_METAB-16S-V4V5_HCJF5DRX7.UDI140-BID18-1_R2.fastq.gz	automatically assigned raw FASTQ file based on the BioSample SAMEA122248694	2026-06-11T09:37:00Z	MetaB_16SV4V5_Plankton_AML40um_2024	SAMEA122248694	control
ERR17091347_1.fastq.gz	getRawFile.cgi?id=1669-30964	440 B	b7071c896fe163762b7bb49e4c4b6aec	run accession ERR17091347; study accession PRJEB83996; library construction protocol NEGATIVE_CONTROL; submitted filename Tneg_Tag_eau_Ambion_METAB-16S-V4V5_HCJF5DRX7.UDI152-BID18-1_R1.fastq.gz	automatically assigned raw FASTQ file based on the BioSample SAMEA122248738	2026-06-11T09:37:00Z	MetaB_16SV4V5_Plankton_AML40um_2024	SAMEA122248738	control
ERR17091347_2.fastq.gz	getRawFile.cgi?id=1669-30965	458 B	9986331479241cba0cd5618a721e35d0	run accession ERR17091347; study accession PRJEB83996; library construction protocol NEGATIVE_CONTROL; submitted filename Tneg_Tag_eau_Ambion_METAB-16S-V4V5_HCJF5DRX7.UDI152-BID18-1_R2.fastq.gz	automatically assigned raw FASTQ file based on the BioSample SAMEA122248738	2026-06-11T09:37:00Z	MetaB_16SV4V5_Plankton_AML40um_2024	SAMEA122248738	control
ERR17091348_1.fastq.gz	getRawFile.cgi?id=1669-30972	254 B	eb5f576ed26984f324a9f5f023655d94	run accession ERR17091348; study accession PRJEB83996; library construction protocol NEGATIVE_CONTROL; submitted filename Tneg_Tag_eau_Ambion_METAB-16S-V4V5_HCJF5DRX7.UDI151-BID16-1_R1.fastq.gz	automatically assigned raw FASTQ file based on the BioSample SAMEA122248737	2026-06-11T09:37:00Z	MetaB_16SV4V5_Plankton_AML40um_2024	SAMEA122248737	control
ERR17091348_2.fastq.gz	getRawFile.cgi?id=1669-30973	255 B	fe0c9767ed4038e536f3a92850d1a3e7	run accession ERR17091348; study accession PRJEB83996; library construction protocol NEGATIVE_CONTROL; submitted filename Tneg_Tag_eau_Ambion_METAB-16S-V4V5_HCJF5DRX7.UDI151-BID16-1_R2.fastq.gz	automatically assigned raw FASTQ file based on the BioSample SAMEA122248737	2026-06-11T09:37:00Z	MetaB_16SV4V5_Plankton_AML40um_2024	SAMEA122248737	control
ERR17091349_1.fastq.gz	getRawFile.cgi?id=1669-30974	696 B	aff3e441ccebc756d32eebdc33cff887	run accession ERR17091349; study accession PRJEB83996; library construction protocol NEGATIVE_CONTROL; submitted filename Tneg_Tag_eau_Ambion_METAB-16S-V4V5_HCJF5DRX7.UDI104-BID18-1_R1.fastq.gz	automatically assigned raw FASTQ file based on the BioSample SAMEA122248735	2026-06-11T09:37:00Z	MetaB_16SV4V5_Plankton_AML40um_2024	SAMEA122248735	control
ERR17091349_2.fastq.gz	getRawFile.cgi?id=1669-30975	748 B	d50dae3710846ae27ab8ac8390cf411e	run accession ERR17091349; study accession PRJEB83996; library construction protocol NEGATIVE_CONTROL; submitted filename Tneg_Tag_eau_Ambion_METAB-16S-V4V5_HCJF5DRX7.UDI104-BID18-1_R2.fastq.gz	automatically assigned raw FASTQ file based on the BioSample SAMEA122248735	2026-06-11T09:37:00Z	MetaB_16SV4V5_Plankton_AML40um_2024	SAMEA122248735	control
ERR17091350_1.fastq.gz	getRawFile.cgi?id=1669-30984	10.55 kB	d190eabff6a870ecdb0ca89a3154903d	run accession ERR17091350; study accession PRJEB83996; library construction protocol NEGATIVE_CONTROL; submitted filename Tneg_Tag_eau_Ambion_METAB-16S-V4V5_HCJF5DRX7.UDI175-BID18-1_R1.fastq.gz	automatically assigned raw FASTQ file based on the BioSample SAMEA122248734	2026-06-11T09:37:00Z	MetaB_16SV4V5_Plankton_AML40um_2024	SAMEA122248734	control
ERR17091350_2.fastq.gz	getRawFile.cgi?id=1669-30985	9.1 kB	c021fc252b5e4a1bc5a28721fd3ca334	run accession ERR17091350; study accession PRJEB83996; library construction protocol NEGATIVE_CONTROL; submitted filename Tneg_Tag_eau_Ambion_METAB-16S-V4V5_HCJF5DRX7.UDI175-BID18-1_R2.fastq.gz	automatically assigned raw FASTQ file based on the BioSample SAMEA122248734	2026-06-11T09:37:00Z	MetaB_16SV4V5_Plankton_AML40um_2024	SAMEA122248734	control
ERR14105968_1.fastq.gz	getRawFile.cgi?id=1551-73	118.82 MB	7eeb7b24419158d9ff1d95ec382d5201	run accession ERR14105968; study accession PRJEB83996; submitted filename SAMEA112488167_METAB-16S-V4V5_HGH7NDRX5.UDI218-BID13-2_R1_clean.fastq.gz	automatically assigned raw FASTQ file based on the Biosample SAMEA112488167	2025-01-27T18:19:00Z	MetaB_16SV4V5_Plankton_AML40um	SAMEA112488167	environmental
ERR14105968_2.fastq.gz	getRawFile.cgi?id=1551-74	123.07 MB	3d619727b6c0a5fee28aeba01bbf2388	run accession ERR14105968; study accession PRJEB83996; submitted filename SAMEA112488167_METAB-16S-V4V5_HGH7NDRX5.UDI218-BID13-2_R2_clean.fastq.gz	automatically assigned raw FASTQ file based on the Biosample SAMEA112488167	2025-01-27T18:19:00Z	MetaB_16SV4V5_Plankton_AML40um	SAMEA112488167	environmental
ERR14105970_1.fastq.gz	getRawFile.cgi?id=1551-75	55.04 MB	03b2d7ef5880fa1235fb4a3f2dadf43d	run accession ERR14105970; study accession PRJEB83996; submitted filename SAMEA112488196_METAB-16S-V4V5_HGH7NDRX5.UDI230-BID01-2_R1_clean.fastq.gz	automatically assigned raw FASTQ file based on the Biosample SAMEA112488196	2025-01-27T18:19:00Z	MetaB_16SV4V5_Plankton_AML40um	SAMEA112488196	environmental
ERR14105970_2.fastq.gz	getRawFile.cgi?id=1551-76	56.36 MB	546b1072ab36c4859910a5ea2cabfb85	run accession ERR14105970; study accession PRJEB83996; submitted filename SAMEA112488196_METAB-16S-V4V5_HGH7NDRX5.UDI230-BID01-2_R2_clean.fastq.gz	automatically assigned raw FASTQ file based on the Biosample SAMEA112488196	2025-01-27T18:19:00Z	MetaB_16SV4V5_Plankton_AML40um	SAMEA112488196	environmental
ERR14105971_1.fastq.gz	getRawFile.cgi?id=1551-179	21.41 MB	6cd91c334e5a5f63f391d3f8a1116c53	run accession ERR14105971; study accession PRJEB83996; submitted filename SAMEA112488193_METAB-16S-V4V5_HGH7NDRX5.UDI206-BID15-2_R1_clean.fastq.gz	automatically assigned raw FASTQ file based on the Biosample SAMEA112488193	2025-01-27T18:19:00Z	MetaB_16SV4V5_Plankton_AML40um	SAMEA112488193	environmental
ERR14105971_2.fastq.gz	getRawFile.cgi?id=1551-180	22.23 MB	8b7f1c205ae9c09a4f23412d2bfa3c41	run accession ERR14105971; study accession PRJEB83996; submitted filename SAMEA112488193_METAB-16S-V4V5_HGH7NDRX5.UDI206-BID15-2_R2_clean.fastq.gz	automatically assigned raw FASTQ file based on the Biosample SAMEA112488193	2025-01-27T18:19:00Z	MetaB_16SV4V5_Plankton_AML40um	SAMEA112488193	environmental
ERR14105972_1.fastq.gz	getRawFile.cgi?id=1551-1	43.12 MB	534f59431ce296499b0d494452d9fdfc	run accession ERR14105972; study accession PRJEB83996; submitted filename SAMEA112488311_METAB-16S-V4V5_HGH7NDRX5.UDI217-BID09-2_R1_clean.fastq.gz	automatically assigned raw FASTQ file based on the Biosample SAMEA112488311	2025-01-27T18:19:00Z	MetaB_16SV4V5_Plankton_AML40um	SAMEA112488311	environmental
ERR14105972_2.fastq.gz	getRawFile.cgi?id=1551-2	41 MB	a0ba0ff572f2fe50d5b7acffe8a96345	run accession ERR14105972; study accession PRJEB83996; submitted filename SAMEA112488311_METAB-16S-V4V5_HGH7NDRX5.UDI217-BID09-2_R2_clean.fastq.gz	automatically assigned raw FASTQ file based on the Biosample SAMEA112488311	2025-01-27T18:19:00Z	MetaB_16SV4V5_Plankton_AML40um	SAMEA112488311	environmental
ERR14105973_1.fastq.gz	getRawFile.cgi?id=1551-77	66.92 MB	69dcdf8e29756f26ced760cc50b14c44	run accession ERR14105973; study accession PRJEB83996; submitted filename SAMEA112488303_METAB-16S-V4V5_HGH7NDRX5.UDI265-BID13-2_R1_clean.fastq.gz	automatically assigned raw FASTQ file based on the Biosample SAMEA112488303	2025-01-27T18:19:00Z	MetaB_16SV4V5_Plankton_AML40um	SAMEA112488303	environmental
ERR14105973_2.fastq.gz	getRawFile.cgi?id=1551-78	68.15 MB	a456715154fd6a39c017e1b611ff16f0	run accession ERR14105973; study accession PRJEB83996; submitted filename SAMEA112488303_METAB-16S-V4V5_HGH7NDRX5.UDI265-BID13-2_R2_clean.fastq.gz	automatically assigned raw FASTQ file based on the Biosample SAMEA112488303	2025-01-27T18:19:00Z	MetaB_16SV4V5_Plankton_AML40um	SAMEA112488303	environmental
ERR14105974_1.fastq.gz	getRawFile.cgi?id=1551-79	71.78 MB	45d0ba977da75c36dd1eba2373b64504	run accession ERR14105974; study accession PRJEB83996; submitted filename SAMEA112518403_METAB-16S-V4V5_HJ5N5DRX5.UDI369-BID17-1_R1_clean.fastq.gz	automatically assigned raw FASTQ file based on the Biosample SAMEA112518403	2025-01-27T18:19:00Z	MetaB_16SV4V5_Plankton_AML40um	SAMEA112518403	environmental
ERR14105974_2.fastq.gz	getRawFile.cgi?id=1551-80	84.07 MB	c96301334e679ee9a766ff3e3665309d	run accession ERR14105974; study accession PRJEB83996; submitted filename SAMEA112518403_METAB-16S-V4V5_HJ5N5DRX5.UDI369-BID17-1_R2_clean.fastq.gz	automatically assigned raw FASTQ file based on the Biosample SAMEA112518403	2025-01-27T18:19:00Z	MetaB_16SV4V5_Plankton_AML40um	SAMEA112518403	environmental
ERR14105975_1.fastq.gz	getRawFile.cgi?id=1551-181	56.3 MB	e19a93f1ce505bdea0ef1f675c9599b2	run accession ERR14105975; study accession PRJEB83996; submitted filename SAMEA112488169_METAB-16S-V4V5_HGH7NDRX5.UDI218-BID16-2_R1_clean.fastq.gz	automatically assigned raw FASTQ file based on the Biosample SAMEA112488169	2025-01-27T18:19:00Z	MetaB_16SV4V5_Plankton_AML40um	SAMEA112488169	environmental
ERR14105975_2.fastq.gz	getRawFile.cgi?id=1551-182	59.25 MB	a07c9442e47035bb6f26a2937ed1b485	run accession ERR14105975; study accession PRJEB83996; submitted filename SAMEA112488169_METAB-16S-V4V5_HGH7NDRX5.UDI218-BID16-2_R2_clean.fastq.gz	automatically assigned raw FASTQ file based on the Biosample SAMEA112488169	2025-01-27T18:19:00Z	MetaB_16SV4V5_Plankton_AML40um	SAMEA112488169	environmental
ERR14105976_1.fastq.gz	getRawFile.cgi?id=1551-183	31.65 MB	0bc044fbfd97e3ac22c2432ac722e209	run accession ERR14105976; study accession PRJEB83996; submitted filename SAMEA112488224_METAB-16S-V4V5_HGH7NDRX5.UDI254-BID08-2_R1_clean.fastq.gz	automatically assigned raw FASTQ file based on the Biosample SAMEA112488224	2025-01-27T18:19:00Z	MetaB_16SV4V5_Plankton_AML40um	SAMEA112488224	environmental
ERR14105976_2.fastq.gz	getRawFile.cgi?id=1551-184	32.71 MB	a3c2c220dd693d928a4d3d8ae69dd972	run accession ERR14105976; study accession PRJEB83996; submitted filename SAMEA112488224_METAB-16S-V4V5_HGH7NDRX5.UDI254-BID08-2_R2_clean.fastq.gz	automatically assigned raw FASTQ file based on the Biosample SAMEA112488224	2025-01-27T18:19:00Z	MetaB_16SV4V5_Plankton_AML40um	SAMEA112488224	environmental
ERR14105977_1.fastq.gz	getRawFile.cgi?id=1551-185	34.2 MB	beb30085339a9be5255bdb3cb2993e63	run accession ERR14105977; study accession PRJEB83996; submitted filename SAMEA112488222_METAB-16S-V4V5_HGH7NDRX5.UDI254-BID04-2_R1_clean.fastq.gz	automatically assigned raw FASTQ file based on the Biosample SAMEA112488222	2025-01-27T18:19:00Z	MetaB_16SV4V5_Plankton_AML40um	SAMEA112488222	environmental
ERR14105977_2.fastq.gz	getRawFile.cgi?id=1551-186	35.6 MB	a48736b12423c0b376295cb245935508	run accession ERR14105977; study accession PRJEB83996; submitted filename SAMEA112488222_METAB-16S-V4V5_HGH7NDRX5.UDI254-BID04-2_R2_clean.fastq.gz	automatically assigned raw FASTQ file based on the Biosample SAMEA112488222	2025-01-27T18:19:00Z	MetaB_16SV4V5_Plankton_AML40um	SAMEA112488222	environmental
ERR14105978_1.fastq.gz	getRawFile.cgi?id=1551-3	25.04 MB	b50948b5e7df34c47376524081738798	run accession ERR14105978; study accession PRJEB83996; submitted filename SAMEA112488138_METAB-16S-V4V5_HGH7NDRX5.UDI242-BID11-2_R1_clean.fastq.gz	automatically assigned raw FASTQ file based on the Biosample SAMEA112488138	2025-01-27T18:19:00Z	MetaB_16SV4V5_Plankton_AML40um	SAMEA112488138	environmental
ERR14105978_2.fastq.gz	getRawFile.cgi?id=1551-4	24.26 MB	02617f0f378577b3d29ecdc93f100bff	run accession ERR14105978; study accession PRJEB83996; submitted filename SAMEA112488138_METAB-16S-V4V5_HGH7NDRX5.UDI242-BID11-2_R2_clean.fastq.gz	automatically assigned raw FASTQ file based on the Biosample SAMEA112488138	2025-01-27T18:19:00Z	MetaB_16SV4V5_Plankton_AML40um	SAMEA112488138	environmental
ERR14105980_1.fastq.gz	getRawFile.cgi?id=1551-5	24.17 MB	607b4301fcb416fc06cba3f5655e7a13	run accession ERR14105980; study accession PRJEB83996; submitted filename SAMEA112488120_METAB-16S-V4V5_HGH7NDRX5.UDI253-BID08-2_R1_clean.fastq.gz	automatically assigned raw FASTQ file based on the Biosample SAMEA112488120	2025-01-27T18:19:00Z	MetaB_16SV4V5_Plankton_AML40um	SAMEA112488120	environmental
ERR14105980_2.fastq.gz	getRawFile.cgi?id=1551-6	25.1 MB	1621ce525f942dca775eb9b5b3439944	run accession ERR14105980; study accession PRJEB83996; submitted filename SAMEA112488120_METAB-16S-V4V5_HGH7NDRX5.UDI253-BID08-2_R2_clean.fastq.gz	automatically assigned raw FASTQ file based on the Biosample SAMEA112488120	2025-01-27T18:19:00Z	MetaB_16SV4V5_Plankton_AML40um	SAMEA112488120	environmental
ERR14105981_1.fastq.gz	getRawFile.cgi?id=1551-83	43.51 MB	0bb57d6d5ed469490cb9f7d7614cbde6	run accession ERR14105981; study accession PRJEB83996; submitted filename SAMEA112488216_METAB-16S-V4V5_HGH7NDRX5.UDI254-BID01-2_R1_clean.fastq.gz	automatically assigned raw FASTQ file based on the Biosample SAMEA112488216	2025-01-27T18:19:00Z	MetaB_16SV4V5_Plankton_AML40um	SAMEA112488216	environmental
ERR14105981_2.fastq.gz	getRawFile.cgi?id=1551-84	45.09 MB	28d7e9323ff35a4a47f8ae211d91afbf	run accession ERR14105981; study accession PRJEB83996; submitted filename SAMEA112488216_METAB-16S-V4V5_HGH7NDRX5.UDI254-BID01-2_R2_clean.fastq.gz	automatically assigned raw FASTQ file based on the Biosample SAMEA112488216	2025-01-27T18:19:00Z	MetaB_16SV4V5_Plankton_AML40um	SAMEA112488216	environmental
ERR14105982_1.fastq.gz	getRawFile.cgi?id=1551-187	31.1 MB	13cb94f336d95ed423b252e774776aec	run accession ERR14105982; study accession PRJEB83996; submitted filename SAMEA112488116_METAB-16S-V4V5_HGH7NDRX5.UDI253-BID02-2_R1_clean.fastq.gz	automatically assigned raw FASTQ file based on the Biosample SAMEA112488116	2025-01-27T18:19:00Z	MetaB_16SV4V5_Plankton_AML40um	SAMEA112488116	environmental
ERR14105982_2.fastq.gz	getRawFile.cgi?id=1551-188	32.58 MB	a57985fc6763727791f07547cdeaa94b	run accession ERR14105982; study accession PRJEB83996; submitted filename SAMEA112488116_METAB-16S-V4V5_HGH7NDRX5.UDI253-BID02-2_R2_clean.fastq.gz	automatically assigned raw FASTQ file based on the Biosample SAMEA112488116	2025-01-27T18:19:00Z	MetaB_16SV4V5_Plankton_AML40um	SAMEA112488116	environmental
ERR14105984_1.fastq.gz	getRawFile.cgi?id=1551-7	20.43 MB	85943494298e6b93a56e955303a7f8af	run accession ERR14105984; study accession PRJEB83996; submitted filename SAMEA112488270_METAB-16S-V4V5_HGH7NDRX5.UDI193-BID15-2_R1_clean.fastq.gz	automatically assigned raw FASTQ file based on the Biosample SAMEA112488270	2025-01-27T18:19:00Z	MetaB_16SV4V5_Plankton_AML40um	SAMEA112488270	environmental
ERR14105984_2.fastq.gz	getRawFile.cgi?id=1551-8	20.82 MB	ef44ef7b335b574eebe5f5cab8a7fe44	run accession ERR14105984; study accession PRJEB83996; submitted filename SAMEA112488270_METAB-16S-V4V5_HGH7NDRX5.UDI193-BID15-2_R2_clean.fastq.gz	automatically assigned raw FASTQ file based on the Biosample SAMEA112488270	2025-01-27T18:19:00Z	MetaB_16SV4V5_Plankton_AML40um	SAMEA112488270	environmental
ERR14105985_1.fastq.gz	getRawFile.cgi?id=1551-9	19 MB	296171bde918bdd5d869d92e153a450c	run accession ERR14105985; study accession PRJEB83996; submitted filename SAMEA112518391_METAB-16S-V4V5_HGH7NDRX5.UDI194-BID02-2_R1_clean.fastq.gz	automatically assigned raw FASTQ file based on the Biosample SAMEA112518391	2025-01-27T18:19:00Z	MetaB_16SV4V5_Plankton_AML40um	SAMEA112518391	environmental
ERR14105985_2.fastq.gz	getRawFile.cgi?id=1551-10	20.98 MB	03f8bf80c8a9c6f65eab4b0d130bb11a	run accession ERR14105985; study accession PRJEB83996; submitted filename SAMEA112518391_METAB-16S-V4V5_HGH7NDRX5.UDI194-BID02-2_R2_clean.fastq.gz	automatically assigned raw FASTQ file based on the Biosample SAMEA112518391	2025-01-27T18:19:00Z	MetaB_16SV4V5_Plankton_AML40um	SAMEA112518391	environmental
ERR14105987_1.fastq.gz	getRawFile.cgi?id=1551-193	30.53 MB	e5f703a5bd81143f5086febe43713c97	run accession ERR14105987; study accession PRJEB83996; submitted filename SAMEA112518392_METAB-16S-V4V5_HGH7NDRX5.UDI194-BID04-2_R1_clean.fastq.gz	automatically assigned raw FASTQ file based on the Biosample SAMEA112518392	2025-01-27T18:19:00Z	MetaB_16SV4V5_Plankton_AML40um	SAMEA112518392	environmental
ERR14105987_2.fastq.gz	getRawFile.cgi?id=1551-194	34.22 MB	59a545ec1904fe575e8d037c35c3bcb7	run accession ERR14105987; study accession PRJEB83996; submitted filename SAMEA112518392_METAB-16S-V4V5_HGH7NDRX5.UDI194-BID04-2_R2_clean.fastq.gz	automatically assigned raw FASTQ file based on the Biosample SAMEA112518392	2025-01-27T18:19:00Z	MetaB_16SV4V5_Plankton_AML40um	SAMEA112518392	environmental
ERR14105988_1.fastq.gz	getRawFile.cgi?id=1551-11	19.5 MB	9092ef9d977152f8c0b1713a424b0404	run accession ERR14105988; study accession PRJEB83996; submitted filename SAMEA112488233_METAB-16S-V4V5_HGH7NDRX5.UDI254-BID15-2_R1_clean.fastq.gz	automatically assigned raw FASTQ file based on the Biosample SAMEA112488233	2025-01-27T18:19:00Z	MetaB_16SV4V5_Plankton_AML40um	SAMEA112488233	environmental
ERR14105988_2.fastq.gz	getRawFile.cgi?id=1551-12	21.19 MB	ccb6a9dd4662f8ff4462b69fdbe1925f	run accession ERR14105988; study accession PRJEB83996; submitted filename SAMEA112488233_METAB-16S-V4V5_HGH7NDRX5.UDI254-BID15-2_R2_clean.fastq.gz	automatically assigned raw FASTQ file based on the Biosample SAMEA112488233	2025-01-27T18:19:00Z	MetaB_16SV4V5_Plankton_AML40um	SAMEA112488233	environmental
ERR14105989_1.fastq.gz	getRawFile.cgi?id=1551-195	59.15 MB	6ef64f6d6b9ab5c461c4542c5d70a9b3	run accession ERR14105989; study accession PRJEB83996; submitted filename SAMEA112488242_METAB-16S-V4V5_HGH7NDRX5.UDI266-BID05-2_R1_clean.fastq.gz	automatically assigned raw FASTQ file based on the Biosample SAMEA112488242	2025-01-27T18:19:00Z	MetaB_16SV4V5_Plankton_AML40um	SAMEA112488242	environmental
ERR14105989_2.fastq.gz	getRawFile.cgi?id=1551-196	60.25 MB	691a8788cef858761c4d38b2e6b7358d	run accession ERR14105989; study accession PRJEB83996; submitted filename SAMEA112488242_METAB-16S-V4V5_HGH7NDRX5.UDI266-BID05-2_R2_clean.fastq.gz	automatically assigned raw FASTQ file based on the Biosample SAMEA112488242	2025-01-27T18:19:00Z	MetaB_16SV4V5_Plankton_AML40um	SAMEA112488242	environmental
ERR14105990_1.fastq.gz	getRawFile.cgi?id=1551-13	40.12 MB	0d80392a022a3c271a3e7ec1ad912117	run accession ERR14105990; study accession PRJEB83996; submitted filename SAMEA112488229_METAB-16S-V4V5_HGH7NDRX5.UDI254-BID11-2_R1_clean.fastq.gz	automatically assigned raw FASTQ file based on the Biosample SAMEA112488229	2025-01-27T18:19:00Z	MetaB_16SV4V5_Plankton_AML40um	SAMEA112488229	environmental
ERR14105990_2.fastq.gz	getRawFile.cgi?id=1551-14	40.58 MB	3795d4c550a50f8ddb0df1a989735f1a	run accession ERR14105990; study accession PRJEB83996; submitted filename SAMEA112488229_METAB-16S-V4V5_HGH7NDRX5.UDI254-BID11-2_R2_clean.fastq.gz	automatically assigned raw FASTQ file based on the Biosample SAMEA112488229	2025-01-27T18:19:00Z	MetaB_16SV4V5_Plankton_AML40um	SAMEA112488229	environmental
ERR14105991_1.fastq.gz	getRawFile.cgi?id=1551-15	59.43 MB	8514df36f2026b19512f04ec86f9adde	run accession ERR14105991; study accession PRJEB83996; submitted filename SAMEA112488215_METAB-16S-V4V5_HGH7NDRX5.UDI230-BID16-2_R1_clean.fastq.gz	automatically assigned raw FASTQ file based on the Biosample SAMEA112488215	2025-01-27T18:19:00Z	MetaB_16SV4V5_Plankton_AML40um	SAMEA112488215	environmental
ERR14105991_2.fastq.gz	getRawFile.cgi?id=1551-16	61.35 MB	4369ef065ee1346d2da88d3383288a8c	run accession ERR14105991; study accession PRJEB83996; submitted filename SAMEA112488215_METAB-16S-V4V5_HGH7NDRX5.UDI230-BID16-2_R2_clean.fastq.gz	automatically assigned raw FASTQ file based on the Biosample SAMEA112488215	2025-01-27T18:19:00Z	MetaB_16SV4V5_Plankton_AML40um	SAMEA112488215	environmental
ERR14105992_1.fastq.gz	getRawFile.cgi?id=1551-85	37.81 MB	5d660ed72063c6d82860493837f790d4	run accession ERR14105992; study accession PRJEB83996; submitted filename SAMEA112488293_METAB-16S-V4V5_HGH7NDRX5.UDI265-BID05-2_R1_clean.fastq.gz	automatically assigned raw FASTQ file based on the Biosample SAMEA112488293	2025-01-27T18:19:00Z	MetaB_16SV4V5_Plankton_AML40um	SAMEA112488293	environmental
ERR14105992_2.fastq.gz	getRawFile.cgi?id=1551-86	39.34 MB	d9389709ad0975c876b55f8b13a70bb8	run accession ERR14105992; study accession PRJEB83996; submitted filename SAMEA112488293_METAB-16S-V4V5_HGH7NDRX5.UDI265-BID05-2_R2_clean.fastq.gz	automatically assigned raw FASTQ file based on the Biosample SAMEA112488293	2025-01-27T18:19:00Z	MetaB_16SV4V5_Plankton_AML40um	SAMEA112488293	environmental
ERR14105993_1.fastq.gz	getRawFile.cgi?id=1551-87	22.08 MB	7d4a01a9f6e240873106559dc4a87659	run accession ERR14105993; study accession PRJEB83996; submitted filename SAMEA112488275_METAB-16S-V4V5_HGH7NDRX5.UDI205-BID08-2_R1_clean.fastq.gz	automatically assigned raw FASTQ file based on the Biosample SAMEA112488275	2025-01-27T18:19:00Z	MetaB_16SV4V5_Plankton_AML40um	SAMEA112488275	environmental
ERR14105993_2.fastq.gz	getRawFile.cgi?id=1551-88	22.37 MB	c0e0d36b600b80ea89f3d58a6728245c	run accession ERR14105993; study accession PRJEB83996; submitted filename SAMEA112488275_METAB-16S-V4V5_HGH7NDRX5.UDI205-BID08-2_R2_clean.fastq.gz	automatically assigned raw FASTQ file based on the Biosample SAMEA112488275	2025-01-27T18:19:00Z	MetaB_16SV4V5_Plankton_AML40um	SAMEA112488275	environmental
ERR14105994_1.fastq.gz	getRawFile.cgi?id=1551-197	57.44 MB	0b5f1340494e00c002044e52dea16052	run accession ERR14105994; study accession PRJEB83996; submitted filename SAMEA112488115_METAB-16S-V4V5_HGH7NDRX5.UDI253-BID01-2_R1_clean.fastq.gz	automatically assigned raw FASTQ file based on the Biosample SAMEA112488115	2025-01-27T18:19:00Z	MetaB_16SV4V5_Plankton_AML40um	SAMEA112488115	environmental
ERR14105994_2.fastq.gz	getRawFile.cgi?id=1551-198	60.51 MB	02f055df438358bdaa39e1d47cb141e4	run accession ERR14105994; study accession PRJEB83996; submitted filename SAMEA112488115_METAB-16S-V4V5_HGH7NDRX5.UDI253-BID01-2_R2_clean.fastq.gz	automatically assigned raw FASTQ file based on the Biosample SAMEA112488115	2025-01-27T18:19:00Z	MetaB_16SV4V5_Plankton_AML40um	SAMEA112488115	environmental
ERR14105996_1.fastq.gz	getRawFile.cgi?id=1551-199	41.16 MB	3b428fb30f9b1c478143d99d4ab2c4d9	run accession ERR14105996; study accession PRJEB83996; submitted filename SAMEA112488273_METAB-16S-V4V5_HGH7NDRX5.UDI205-BID04-2_R1_clean.fastq.gz	automatically assigned raw FASTQ file based on the Biosample SAMEA112488273	2025-01-27T18:19:00Z	MetaB_16SV4V5_Plankton_AML40um	SAMEA112488273	environmental
ERR14105996_2.fastq.gz	getRawFile.cgi?id=1551-200	41.64 MB	15df6a7f8888c293d7369e6bd0e6d412	run accession ERR14105996; study accession PRJEB83996; submitted filename SAMEA112488273_METAB-16S-V4V5_HGH7NDRX5.UDI205-BID04-2_R2_clean.fastq.gz	automatically assigned raw FASTQ file based on the Biosample SAMEA112488273	2025-01-27T18:19:00Z	MetaB_16SV4V5_Plankton_AML40um	SAMEA112488273	environmental
ERR14105997_1.fastq.gz	getRawFile.cgi?id=1551-19	99.08 MB	7b9099f4ae6f173ab86a99bc601f7807	run accession ERR14105997; study accession PRJEB83996; submitted filename SAMEA112518358_METAB-16S-V4V5_HGH7NDRX5.UDI229-BID05-2_R1_clean.fastq.gz	automatically assigned raw FASTQ file based on the Biosample SAMEA112518358	2025-01-27T18:19:00Z	MetaB_16SV4V5_Plankton_AML40um	SAMEA112518358	environmental
ERR14105997_2.fastq.gz	getRawFile.cgi?id=1551-20	98.66 MB	bab07cf65981198309144464a66c3d10	run accession ERR14105997; study accession PRJEB83996; submitted filename SAMEA112518358_METAB-16S-V4V5_HGH7NDRX5.UDI229-BID05-2_R2_clean.fastq.gz	automatically assigned raw FASTQ file based on the Biosample SAMEA112518358	2025-01-27T18:19:00Z	MetaB_16SV4V5_Plankton_AML40um	SAMEA112518358	environmental
ERR14105998_1.fastq.gz	getRawFile.cgi?id=1551-89	63.26 MB	5e8cc200e3512c136f1256343d1ff6b9	run accession ERR14105998; study accession PRJEB83996; submitted filename SAMEA112488274_METAB-16S-V4V5_HGH7NDRX5.UDI205-BID05-2_R1_clean.fastq.gz	automatically assigned raw FASTQ file based on the Biosample SAMEA112488274	2025-01-27T18:19:00Z	MetaB_16SV4V5_Plankton_AML40um	SAMEA112488274	environmental
ERR14105998_2.fastq.gz	getRawFile.cgi?id=1551-90	62.97 MB	7e1d4affba21b65b4ca848820559ac5b	run accession ERR14105998; study accession PRJEB83996; submitted filename SAMEA112488274_METAB-16S-V4V5_HGH7NDRX5.UDI205-BID05-2_R2_clean.fastq.gz	automatically assigned raw FASTQ file based on the Biosample SAMEA112488274	2025-01-27T18:19:00Z	MetaB_16SV4V5_Plankton_AML40um	SAMEA112488274	environmental
ERR14105999_1.fastq.gz	getRawFile.cgi?id=1551-21	132.99 MB	4770b6522e62b8a429a6b039b4ae6eea	run accession ERR14105999; study accession PRJEB83996; submitted filename SAMEA112488251_METAB-16S-V4V5_HJ5N5DRX5.UDI368-BID17-1_R1_clean.fastq.gz	automatically assigned raw FASTQ file based on the Biosample SAMEA112488251	2025-01-27T18:19:00Z	MetaB_16SV4V5_Plankton_AML40um	SAMEA112488251	environmental
ERR14105999_2.fastq.gz	getRawFile.cgi?id=1551-22	132.27 MB	44fad59f1f3636ca8a5bf8859deda63e	run accession ERR14105999; study accession PRJEB83996; submitted filename SAMEA112488251_METAB-16S-V4V5_HJ5N5DRX5.UDI368-BID17-1_R2_clean.fastq.gz	automatically assigned raw FASTQ file based on the Biosample SAMEA112488251	2025-01-27T18:19:00Z	MetaB_16SV4V5_Plankton_AML40um	SAMEA112488251	environmental
ERR14106000_1.fastq.gz	getRawFile.cgi?id=1551-91	20.81 MB	68d5d96cb2c7d6b82406fec11d80848f	run accession ERR14106000; study accession PRJEB83996; submitted filename SAMEA112518359_METAB-16S-V4V5_HGH7NDRX5.UDI229-BID08-2_R1_clean.fastq.gz	automatically assigned raw FASTQ file based on the Biosample SAMEA112518359	2025-01-27T18:19:00Z	MetaB_16SV4V5_Plankton_AML40um	SAMEA112518359	environmental
ERR14106000_2.fastq.gz	getRawFile.cgi?id=1551-92	21.64 MB	77c23f06754818bb1d763c2775e008e1	run accession ERR14106000; study accession PRJEB83996; submitted filename SAMEA112518359_METAB-16S-V4V5_HGH7NDRX5.UDI229-BID08-2_R2_clean.fastq.gz	automatically assigned raw FASTQ file based on the Biosample SAMEA112518359	2025-01-27T18:19:00Z	MetaB_16SV4V5_Plankton_AML40um	SAMEA112518359	environmental
ERR14106001_1.fastq.gz	getRawFile.cgi?id=1551-201	58.11 MB	ffba0ff252651741a52517709121f099	run accession ERR14106001; study accession PRJEB83996; submitted filename SAMEA112488252_METAB-16S-V4V5_HGH7NDRX5.UDI266-BID16-2_R1_clean.fastq.gz	automatically assigned raw FASTQ file based on the Biosample SAMEA112488252	2025-01-27T18:19:00Z	MetaB_16SV4V5_Plankton_AML40um	SAMEA112488252	environmental
ERR14106001_2.fastq.gz	getRawFile.cgi?id=1551-202	60.36 MB	253f4eb8239ce80384f94001807c9ab0	run accession ERR14106001; study accession PRJEB83996; submitted filename SAMEA112488252_METAB-16S-V4V5_HGH7NDRX5.UDI266-BID16-2_R2_clean.fastq.gz	automatically assigned raw FASTQ file based on the Biosample SAMEA112488252	2025-01-27T18:19:00Z	MetaB_16SV4V5_Plankton_AML40um	SAMEA112488252	environmental
ERR14106002_1.fastq.gz	getRawFile.cgi?id=1551-93	83.08 MB	44e866d5188d5772fde1f935dc128015	run accession ERR14106002; study accession PRJEB83996; submitted filename SAMEA112518390_METAB-16S-V4V5_HGH7NDRX5.UDI194-BID01-2_R1_clean.fastq.gz	automatically assigned raw FASTQ file based on the Biosample SAMEA112518390	2025-01-27T18:19:00Z	MetaB_16SV4V5_Plankton_AML40um	SAMEA112518390	environmental
ERR14106002_2.fastq.gz	getRawFile.cgi?id=1551-94	85 MB	d53d49debfd1eccc105dc4a99168b1bf	run accession ERR14106002; study accession PRJEB83996; submitted filename SAMEA112518390_METAB-16S-V4V5_HGH7NDRX5.UDI194-BID01-2_R2_clean.fastq.gz	automatically assigned raw FASTQ file based on the Biosample SAMEA112518390	2025-01-27T18:19:00Z	MetaB_16SV4V5_Plankton_AML40um	SAMEA112518390	environmental
ERR14106003_1.fastq.gz	getRawFile.cgi?id=1551-95	22.19 MB	e8d56f65af1bfe422ec3e6778251ebbc	run accession ERR14106003; study accession PRJEB83996; submitted filename SAMEA112488281_METAB-16S-V4V5_HGH7NDRX5.UDI205-BID15-2_R1_clean.fastq.gz	automatically assigned raw FASTQ file based on the Biosample SAMEA112488281	2025-01-27T18:19:00Z	MetaB_16SV4V5_Plankton_AML40um	SAMEA112488281	environmental
ERR14106003_2.fastq.gz	getRawFile.cgi?id=1551-96	23.85 MB	c156e3bb875ec969790b275519d8463d	run accession ERR14106003; study accession PRJEB83996; submitted filename SAMEA112488281_METAB-16S-V4V5_HGH7NDRX5.UDI205-BID15-2_R2_clean.fastq.gz	automatically assigned raw FASTQ file based on the Biosample SAMEA112488281	2025-01-27T18:19:00Z	MetaB_16SV4V5_Plankton_AML40um	SAMEA112488281	environmental
ERR14106004_1.fastq.gz	getRawFile.cgi?id=1551-203	61.77 MB	7b698ef29f744737e5cdbc4180d42f8b	run accession ERR14106004; study accession PRJEB83996; submitted filename SAMEA112488119_METAB-16S-V4V5_HGH7NDRX5.UDI253-BID05-2_R1_clean.fastq.gz	automatically assigned raw FASTQ file based on the Biosample SAMEA112488119	2025-01-27T18:19:00Z	MetaB_16SV4V5_Plankton_AML40um	SAMEA112488119	environmental
ERR14106004_2.fastq.gz	getRawFile.cgi?id=1551-204	62.99 MB	e68fda69fcde26542d7d55f453b3a8e3	run accession ERR14106004; study accession PRJEB83996; submitted filename SAMEA112488119_METAB-16S-V4V5_HGH7NDRX5.UDI253-BID05-2_R2_clean.fastq.gz	automatically assigned raw FASTQ file based on the Biosample SAMEA112488119	2025-01-27T18:19:00Z	MetaB_16SV4V5_Plankton_AML40um	SAMEA112488119	environmental
ERR14106005_1.fastq.gz	getRawFile.cgi?id=1551-205	19.1 MB	7720d5f7de5f5f88fada6c8c6c4501ae	run accession ERR14106005; study accession PRJEB83996; submitted filename SAMEA112488162_METAB-16S-V4V5_HGH7NDRX5.UDI218-BID04-2_R1_clean.fastq.gz	automatically assigned raw FASTQ file based on the Biosample SAMEA112488162	2025-01-27T18:19:00Z	MetaB_16SV4V5_Plankton_AML40um	SAMEA112488162	environmental
ERR14106005_2.fastq.gz	getRawFile.cgi?id=1551-206	23.11 MB	b7f9c51abd66c302af97cec560c1ce6c	run accession ERR14106005; study accession PRJEB83996; submitted filename SAMEA112488162_METAB-16S-V4V5_HGH7NDRX5.UDI218-BID04-2_R2_clean.fastq.gz	automatically assigned raw FASTQ file based on the Biosample SAMEA112488162	2025-01-27T18:19:00Z	MetaB_16SV4V5_Plankton_AML40um	SAMEA112488162	environmental
ERR14106006_1.fastq.gz	getRawFile.cgi?id=1551-97	99.98 MB	824ea26884b816a653ef379edbe5fb2f	run accession ERR14106006; study accession PRJEB83996; submitted filename SAMEA112518383_METAB-16S-V4V5_HJ5N5DRX5.UDI369-BID16-1_R1_clean.fastq.gz	automatically assigned raw FASTQ file based on the Biosample SAMEA112518383	2025-01-27T18:19:00Z	MetaB_16SV4V5_Plankton_AML40um	SAMEA112518383	environmental
ERR14106006_2.fastq.gz	getRawFile.cgi?id=1551-98	104.17 MB	68a008c86c2a5d86fb7fbf548f5c8bcf	run accession ERR14106006; study accession PRJEB83996; submitted filename SAMEA112518383_METAB-16S-V4V5_HJ5N5DRX5.UDI369-BID16-1_R2_clean.fastq.gz	automatically assigned raw FASTQ file based on the Biosample SAMEA112518383	2025-01-27T18:19:00Z	MetaB_16SV4V5_Plankton_AML40um	SAMEA112518383	environmental
ERR14106007_1.fastq.gz	getRawFile.cgi?id=1551-207	38.29 MB	c387245642083b98601566d681f03d7c	run accession ERR14106007; study accession PRJEB83996; submitted filename SAMEA112488209_METAB-16S-V4V5_HGH7NDRX5.UDI230-BID11-2_R1_clean.fastq.gz	automatically assigned raw FASTQ file based on the Biosample SAMEA112488209	2025-01-27T18:19:00Z	MetaB_16SV4V5_Plankton_AML40um	SAMEA112488209	environmental
ERR14106007_2.fastq.gz	getRawFile.cgi?id=1551-208	39.41 MB	8083a272b5792089b355cd9ee2604a1f	run accession ERR14106007; study accession PRJEB83996; submitted filename SAMEA112488209_METAB-16S-V4V5_HGH7NDRX5.UDI230-BID11-2_R2_clean.fastq.gz	automatically assigned raw FASTQ file based on the Biosample SAMEA112488209	2025-01-27T18:19:00Z	MetaB_16SV4V5_Plankton_AML40um	SAMEA112488209	environmental
ERR14106008_1.fastq.gz	getRawFile.cgi?id=1551-99	87.19 MB	d824f59b67ecba4b1c6860a10135297f	run accession ERR14106008; study accession PRJEB83996; submitted filename SAMEA112518388_METAB-16S-V4V5_HGH7NDRX5.UDI277-BID13-2_R1_clean.fastq.gz	automatically assigned raw FASTQ file based on the Biosample SAMEA112518388	2025-01-27T18:19:00Z	MetaB_16SV4V5_Plankton_AML40um	SAMEA112518388	environmental
ERR14106008_2.fastq.gz	getRawFile.cgi?id=1551-100	89.85 MB	fdbed1a820a3b113ddd0f2ccd762b972	run accession ERR14106008; study accession PRJEB83996; submitted filename SAMEA112518388_METAB-16S-V4V5_HGH7NDRX5.UDI277-BID13-2_R2_clean.fastq.gz	automatically assigned raw FASTQ file based on the Biosample SAMEA112518388	2025-01-27T18:19:00Z	MetaB_16SV4V5_Plankton_AML40um	SAMEA112518388	environmental
ERR14106009_1.fastq.gz	getRawFile.cgi?id=1551-101	81.98 MB	76e7722294662220c869b4aa64fb6047	run accession ERR14106009; study accession PRJEB83996; submitted filename SAMEA112488136_METAB-16S-V4V5_HJ5N5DRX5.UDI368-BID05-1_R1_clean.fastq.gz	automatically assigned raw FASTQ file based on the Biosample SAMEA112488136	2025-01-27T18:19:00Z	MetaB_16SV4V5_Plankton_AML40um	SAMEA112488136	environmental
ERR14106009_2.fastq.gz	getRawFile.cgi?id=1551-102	78.92 MB	304f2d6b68df22c60675a3f3c414a014	run accession ERR14106009; study accession PRJEB83996; submitted filename SAMEA112488136_METAB-16S-V4V5_HJ5N5DRX5.UDI368-BID05-1_R2_clean.fastq.gz	automatically assigned raw FASTQ file based on the Biosample SAMEA112488136	2025-01-27T18:19:00Z	MetaB_16SV4V5_Plankton_AML40um	SAMEA112488136	environmental
ERR14106010_1.fastq.gz	getRawFile.cgi?id=1551-23	26.13 MB	5b841e6d3468880cfdff613b2a5fdc8f	run accession ERR14106010; study accession PRJEB83996; submitted filename SAMEA112488295_METAB-16S-V4V5_HGH7NDRX5.UDI265-BID09-2_R1_clean.fastq.gz	automatically assigned raw FASTQ file based on the Biosample SAMEA112488295	2025-01-27T18:19:00Z	MetaB_16SV4V5_Plankton_AML40um	SAMEA112488295	environmental
ERR14106010_2.fastq.gz	getRawFile.cgi?id=1551-24	26.53 MB	00a7d4fdccf25bf14202645eb01811ea	run accession ERR14106010; study accession PRJEB83996; submitted filename SAMEA112488295_METAB-16S-V4V5_HGH7NDRX5.UDI265-BID09-2_R2_clean.fastq.gz	automatically assigned raw FASTQ file based on the Biosample SAMEA112488295	2025-01-27T18:19:00Z	MetaB_16SV4V5_Plankton_AML40um	SAMEA112488295	environmental
ERR14106011_1.fastq.gz	getRawFile.cgi?id=1551-103	44.08 MB	596d26388720e8cac027ea9e40631b57	run accession ERR14106011; study accession PRJEB83996; submitted filename SAMEA112488133_METAB-16S-V4V5_HGH7NDRX5.UDI206-BID04-2_R1_clean.fastq.gz	automatically assigned raw FASTQ file based on the Biosample SAMEA112488133	2025-01-27T18:19:00Z	MetaB_16SV4V5_Plankton_AML40um	SAMEA112488133	environmental
ERR14106011_2.fastq.gz	getRawFile.cgi?id=1551-104	44.5 MB	d7b24af6a8e48e6061742ded079cb935	run accession ERR14106011; study accession PRJEB83996; submitted filename SAMEA112488133_METAB-16S-V4V5_HGH7NDRX5.UDI206-BID04-2_R2_clean.fastq.gz	automatically assigned raw FASTQ file based on the Biosample SAMEA112488133	2025-01-27T18:19:00Z	MetaB_16SV4V5_Plankton_AML40um	SAMEA112488133	environmental
ERR14106013_1.fastq.gz	getRawFile.cgi?id=1551-25	27.98 MB	16ec7315ce60d4fd71b89513f3aa9633	run accession ERR14106013; study accession PRJEB83996; submitted filename SAMEA112488182_METAB-16S-V4V5_HGH7NDRX5.UDI206-BID02-2_R1_clean.fastq.gz	automatically assigned raw FASTQ file based on the Biosample SAMEA112488182	2025-01-27T18:19:00Z	MetaB_16SV4V5_Plankton_AML40um	SAMEA112488182	environmental
ERR14106013_2.fastq.gz	getRawFile.cgi?id=1551-26	27.72 MB	9021de7f82a0bf98fc52619879145e0b	run accession ERR14106013; study accession PRJEB83996; submitted filename SAMEA112488182_METAB-16S-V4V5_HGH7NDRX5.UDI206-BID02-2_R2_clean.fastq.gz	automatically assigned raw FASTQ file based on the Biosample SAMEA112488182	2025-01-27T18:19:00Z	MetaB_16SV4V5_Plankton_AML40um	SAMEA112488182	environmental
ERR14106014_1.fastq.gz	getRawFile.cgi?id=1551-105	33.3 MB	f24f18da690d045bfd2411e6a1ce7c94	run accession ERR14106014; study accession PRJEB83996; submitted filename SAMEA112488155_METAB-16S-V4V5_HGH7NDRX5.UDI218-BID02-2_R1_clean.fastq.gz	automatically assigned raw FASTQ file based on the Biosample SAMEA112488155	2025-01-27T18:19:00Z	MetaB_16SV4V5_Plankton_AML40um	SAMEA112488155	environmental
ERR14106014_2.fastq.gz	getRawFile.cgi?id=1551-106	33.5 MB	d00b491ce666c6c0139381f84f494fee	run accession ERR14106014; study accession PRJEB83996; submitted filename SAMEA112488155_METAB-16S-V4V5_HGH7NDRX5.UDI218-BID02-2_R2_clean.fastq.gz	automatically assigned raw FASTQ file based on the Biosample SAMEA112488155	2025-01-27T18:19:00Z	MetaB_16SV4V5_Plankton_AML40um	SAMEA112488155	environmental
ERR14106015_1.fastq.gz	getRawFile.cgi?id=1551-107	29.51 MB	b14220494b62601f3f0fa1daacff0f79	run accession ERR14106015; study accession PRJEB83996; submitted filename SAMEA112488307_METAB-16S-V4V5_HGH7NDRX5.UDI217-BID04-2_R1_clean.fastq.gz	automatically assigned raw FASTQ file based on the Biosample SAMEA112488307	2025-01-27T18:19:00Z	MetaB_16SV4V5_Plankton_AML40um	SAMEA112488307	environmental
ERR14106015_2.fastq.gz	getRawFile.cgi?id=1551-108	30.46 MB	4b1964e546b82b39404eba8ba522452e	run accession ERR14106015; study accession PRJEB83996; submitted filename SAMEA112488307_METAB-16S-V4V5_HGH7NDRX5.UDI217-BID04-2_R2_clean.fastq.gz	automatically assigned raw FASTQ file based on the Biosample SAMEA112488307	2025-01-27T18:19:00Z	MetaB_16SV4V5_Plankton_AML40um	SAMEA112488307	environmental
ERR14106016_1.fastq.gz	getRawFile.cgi?id=1551-211	106.79 MB	781be4c9df4e600ab4d2cdbb84570cf3	run accession ERR14106016; study accession PRJEB83996; submitted filename SAMEA112488316_METAB-16S-V4V5_HGH7NDRX5.UDI217-BID13-2_R1_clean.fastq.gz	automatically assigned raw FASTQ file based on the Biosample SAMEA112488316	2025-01-27T18:19:00Z	MetaB_16SV4V5_Plankton_AML40um	SAMEA112488316	environmental
ERR14106016_2.fastq.gz	getRawFile.cgi?id=1551-212	103.42 MB	aac51d2d257d7b843f90f82b358c6d97	run accession ERR14106016; study accession PRJEB83996; submitted filename SAMEA112488316_METAB-16S-V4V5_HGH7NDRX5.UDI217-BID13-2_R2_clean.fastq.gz	automatically assigned raw FASTQ file based on the Biosample SAMEA112488316	2025-01-27T18:19:00Z	MetaB_16SV4V5_Plankton_AML40um	SAMEA112488316	environmental
ERR14106019_1.fastq.gz	getRawFile.cgi?id=1551-27	36.54 MB	8b6eedf50b6d8d640d6770714519b3af	run accession ERR14106019; study accession PRJEB83996; submitted filename SAMEA112488186_METAB-16S-V4V5_HGH7NDRX5.UDI206-BID09-2_R1_clean.fastq.gz	automatically assigned raw FASTQ file based on the Biosample SAMEA112488186	2025-01-27T18:19:00Z	MetaB_16SV4V5_Plankton_AML40um	SAMEA112488186	environmental
ERR14106019_2.fastq.gz	getRawFile.cgi?id=1551-28	36.87 MB	72c53cf9daacffaf5e593699f0d57981	run accession ERR14106019; study accession PRJEB83996; submitted filename SAMEA112488186_METAB-16S-V4V5_HGH7NDRX5.UDI206-BID09-2_R2_clean.fastq.gz	automatically assigned raw FASTQ file based on the Biosample SAMEA112488186	2025-01-27T18:19:00Z	MetaB_16SV4V5_Plankton_AML40um	SAMEA112488186	environmental
ERR14106020_1.fastq.gz	getRawFile.cgi?id=1551-111	42.54 MB	80e6682a55ff7561270a88c078c749a9	run accession ERR14106020; study accession PRJEB83996; submitted filename SAMEA112488239_METAB-16S-V4V5_HGH7NDRX5.UDI266-BID01-2_R1_clean.fastq.gz	automatically assigned raw FASTQ file based on the Biosample SAMEA112488239	2025-01-27T18:19:00Z	MetaB_16SV4V5_Plankton_AML40um	SAMEA112488239	environmental
ERR14106020_2.fastq.gz	getRawFile.cgi?id=1551-112	44.34 MB	a071259f8a72e9c71faeeba422d7532b	run accession ERR14106020; study accession PRJEB83996; submitted filename SAMEA112488239_METAB-16S-V4V5_HGH7NDRX5.UDI266-BID01-2_R2_clean.fastq.gz	automatically assigned raw FASTQ file based on the Biosample SAMEA112488239	2025-01-27T18:19:00Z	MetaB_16SV4V5_Plankton_AML40um	SAMEA112488239	environmental
ERR14106021_1.fastq.gz	getRawFile.cgi?id=1551-113	58.61 MB	55cfec2f233222fd00fb4e0ec605ef16	run accession ERR14106021; study accession PRJEB83996; submitted filename SAMEA112488139_METAB-16S-V4V5_HGH7NDRX5.UDI242-BID13-2_R1_clean.fastq.gz	automatically assigned raw FASTQ file based on the Biosample SAMEA112488139	2025-01-27T18:19:00Z	MetaB_16SV4V5_Plankton_AML40um	SAMEA112488139	environmental
ERR14106021_2.fastq.gz	getRawFile.cgi?id=1551-114	59.26 MB	e5d87c1866e6a8be05ce063ac70273a9	run accession ERR14106021; study accession PRJEB83996; submitted filename SAMEA112488139_METAB-16S-V4V5_HGH7NDRX5.UDI242-BID13-2_R2_clean.fastq.gz	automatically assigned raw FASTQ file based on the Biosample SAMEA112488139	2025-01-27T18:19:00Z	MetaB_16SV4V5_Plankton_AML40um	SAMEA112488139	environmental
ERR14106022_1.fastq.gz	getRawFile.cgi?id=1551-215	38.95 MB	fa8634676670660b56d14b7c44c421d9	run accession ERR14106022; study accession PRJEB83996; submitted filename SAMEA112488202_METAB-16S-V4V5_HGH7NDRX5.UDI230-BID04-2_R1_clean.fastq.gz	automatically assigned raw FASTQ file based on the Biosample SAMEA112488202	2025-01-27T18:19:00Z	MetaB_16SV4V5_Plankton_AML40um	SAMEA112488202	environmental
ERR14106022_2.fastq.gz	getRawFile.cgi?id=1551-216	41.21 MB	8079275c3ee4e9118b8275db52df9be9	run accession ERR14106022; study accession PRJEB83996; submitted filename SAMEA112488202_METAB-16S-V4V5_HGH7NDRX5.UDI230-BID04-2_R2_clean.fastq.gz	automatically assigned raw FASTQ file based on the Biosample SAMEA112488202	2025-01-27T18:19:00Z	MetaB_16SV4V5_Plankton_AML40um	SAMEA112488202	environmental
ERR14106023_1.fastq.gz	getRawFile.cgi?id=1551-115	31.42 MB	d51757c2d8475799077a877b22217bff	run accession ERR14106023; study accession PRJEB83996; submitted filename SAMEA112488272_METAB-16S-V4V5_HGH7NDRX5.UDI205-BID02-2_R1_clean.fastq.gz	automatically assigned raw FASTQ file based on the Biosample SAMEA112488272	2025-01-27T18:19:00Z	MetaB_16SV4V5_Plankton_AML40um	SAMEA112488272	environmental
ERR14106023_2.fastq.gz	getRawFile.cgi?id=1551-116	31.01 MB	3ae334903a6534e07c2a209e77970b1d	run accession ERR14106023; study accession PRJEB83996; submitted filename SAMEA112488272_METAB-16S-V4V5_HGH7NDRX5.UDI205-BID02-2_R2_clean.fastq.gz	automatically assigned raw FASTQ file based on the Biosample SAMEA112488272	2025-01-27T18:19:00Z	MetaB_16SV4V5_Plankton_AML40um	SAMEA112488272	environmental
ERR14106025_1.fastq.gz	getRawFile.cgi?id=1551-217	18.21 MB	8c5ccc0898e3c310618527ede8eaceb4	run accession ERR14106025; study accession PRJEB83996; submitted filename SAMEA112488255_METAB-16S-V4V5_HGH7NDRX5.UDI193-BID02-2_R1_clean.fastq.gz	automatically assigned raw FASTQ file based on the Biosample SAMEA112488255	2025-01-27T18:19:00Z	MetaB_16SV4V5_Plankton_AML40um	SAMEA112488255	environmental
ERR14106025_2.fastq.gz	getRawFile.cgi?id=1551-218	18.11 MB	cd4a86a80a18c9b16da783f093db5c0f	run accession ERR14106025; study accession PRJEB83996; submitted filename SAMEA112488255_METAB-16S-V4V5_HGH7NDRX5.UDI193-BID02-2_R2_clean.fastq.gz	automatically assigned raw FASTQ file based on the Biosample SAMEA112488255	2025-01-27T18:19:00Z	MetaB_16SV4V5_Plankton_AML40um	SAMEA112488255	environmental
ERR14106026_1.fastq.gz	getRawFile.cgi?id=1551-219	64.63 MB	561cb9dcf80ee97dda00367e3e732732	run accession ERR14106026; study accession PRJEB83996; submitted filename SAMEA112488271_METAB-16S-V4V5_HGH7NDRX5.UDI205-BID01-2_R1_clean.fastq.gz	automatically assigned raw FASTQ file based on the Biosample SAMEA112488271	2025-01-27T18:19:00Z	MetaB_16SV4V5_Plankton_AML40um	SAMEA112488271	environmental
ERR14106026_2.fastq.gz	getRawFile.cgi?id=1551-220	65.74 MB	0a63124a6825b380f9c4ba17adda8217	run accession ERR14106026; study accession PRJEB83996; submitted filename SAMEA112488271_METAB-16S-V4V5_HGH7NDRX5.UDI205-BID01-2_R2_clean.fastq.gz	automatically assigned raw FASTQ file based on the Biosample SAMEA112488271	2025-01-27T18:19:00Z	MetaB_16SV4V5_Plankton_AML40um	SAMEA112488271	environmental
ERR14106027_1.fastq.gz	getRawFile.cgi?id=1551-119	18.57 MB	d3e7338c347bf591dd83ed7c49f2c93a	run accession ERR14106027; study accession PRJEB83996; submitted filename SAMEA112488164_METAB-16S-V4V5_HGH7NDRX5.UDI218-BID08-2_R1_clean.fastq.gz	automatically assigned raw FASTQ file based on the Biosample SAMEA112488164	2025-01-27T18:19:00Z	MetaB_16SV4V5_Plankton_AML40um	SAMEA112488164	environmental
ERR14106027_2.fastq.gz	getRawFile.cgi?id=1551-120	19.22 MB	e6139a3187a5c172085716dafcbb730a	run accession ERR14106027; study accession PRJEB83996; submitted filename SAMEA112488164_METAB-16S-V4V5_HGH7NDRX5.UDI218-BID08-2_R2_clean.fastq.gz	automatically assigned raw FASTQ file based on the Biosample SAMEA112488164	2025-01-27T18:19:00Z	MetaB_16SV4V5_Plankton_AML40um	SAMEA112488164	environmental
ERR14106028_1.fastq.gz	getRawFile.cgi?id=1551-221	56.72 MB	054f3d996320b65333efba361b4b02c5	run accession ERR14106028; study accession PRJEB83996; submitted filename SAMEA112518372_METAB-16S-V4V5_HGH7NDRX5.UDI277-BID01-2_R1_clean.fastq.gz	automatically assigned raw FASTQ file based on the Biosample SAMEA112518372	2025-01-27T18:19:00Z	MetaB_16SV4V5_Plankton_AML40um	SAMEA112518372	environmental
ERR14106028_2.fastq.gz	getRawFile.cgi?id=1551-222	57.57 MB	56d6ce73f1d31043bcceb90f0edcbbda	run accession ERR14106028; study accession PRJEB83996; submitted filename SAMEA112518372_METAB-16S-V4V5_HGH7NDRX5.UDI277-BID01-2_R2_clean.fastq.gz	automatically assigned raw FASTQ file based on the Biosample SAMEA112518372	2025-01-27T18:19:00Z	MetaB_16SV4V5_Plankton_AML40um	SAMEA112518372	environmental
ERR14106031_1.fastq.gz	getRawFile.cgi?id=1551-223	22.9 MB	a576ffbe1f1a90e6422be9fccd9d32ed	run accession ERR14106031; study accession PRJEB83996; submitted filename SAMEA112488240_METAB-16S-V4V5_HGH7NDRX5.UDI266-BID02-2_R1_clean.fastq.gz	automatically assigned raw FASTQ file based on the Biosample SAMEA112488240	2025-01-27T18:19:00Z	MetaB_16SV4V5_Plankton_AML40um	SAMEA112488240	environmental
ERR14106031_2.fastq.gz	getRawFile.cgi?id=1551-224	23.57 MB	916ff10e57591573294c44872540700e	run accession ERR14106031; study accession PRJEB83996; submitted filename SAMEA112488240_METAB-16S-V4V5_HGH7NDRX5.UDI266-BID02-2_R2_clean.fastq.gz	automatically assigned raw FASTQ file based on the Biosample SAMEA112488240	2025-01-27T18:19:00Z	MetaB_16SV4V5_Plankton_AML40um	SAMEA112488240	environmental
ERR14106032_1.fastq.gz	getRawFile.cgi?id=1551-125	52.05 MB	88880422dfb64e20134dd4f5e241e009	run accession ERR14106032; study accession PRJEB83996; submitted filename SAMEA112488308_METAB-16S-V4V5_HGH7NDRX5.UDI217-BID05-2_R1_clean.fastq.gz	automatically assigned raw FASTQ file based on the Biosample SAMEA112488308	2025-01-27T18:19:00Z	MetaB_16SV4V5_Plankton_AML40um	SAMEA112488308	environmental
ERR14106032_2.fastq.gz	getRawFile.cgi?id=1551-126	52.72 MB	e917d527c1f6700c2dfe9d02d238d903	run accession ERR14106032; study accession PRJEB83996; submitted filename SAMEA112488308_METAB-16S-V4V5_HGH7NDRX5.UDI217-BID05-2_R2_clean.fastq.gz	automatically assigned raw FASTQ file based on the Biosample SAMEA112488308	2025-01-27T18:19:00Z	MetaB_16SV4V5_Plankton_AML40um	SAMEA112488308	environmental
ERR14106033_1.fastq.gz	getRawFile.cgi?id=1551-225	15.45 MB	d8261a6ad797aa7062f1b913c04f29f4	run accession ERR14106033; study accession PRJEB83996; submitted filename SAMEA112488306_METAB-16S-V4V5_HGH7NDRX5.UDI217-BID02-2_R1_clean.fastq.gz	automatically assigned raw FASTQ file based on the Biosample SAMEA112488306	2025-01-27T18:19:00Z	MetaB_16SV4V5_Plankton_AML40um	SAMEA112488306	environmental
ERR14106033_2.fastq.gz	getRawFile.cgi?id=1551-226	15.82 MB	17bbe905f7a6a47ef3a96caa9ac96eaf	run accession ERR14106033; study accession PRJEB83996; submitted filename SAMEA112488306_METAB-16S-V4V5_HGH7NDRX5.UDI217-BID02-2_R2_clean.fastq.gz	automatically assigned raw FASTQ file based on the Biosample SAMEA112488306	2025-01-27T18:19:00Z	MetaB_16SV4V5_Plankton_AML40um	SAMEA112488306	environmental
ERR14106034_1.fastq.gz	getRawFile.cgi?id=1551-127	28.9 MB	4dd37d7ec0f56c248a9f3e6219826a94	run accession ERR14106034; study accession PRJEB83996; submitted filename SAMEA112488304_METAB-16S-V4V5_HJ5N5DRX5.UDI368-BID02-1_R1_clean.fastq.gz	automatically assigned raw FASTQ file based on the Biosample SAMEA112488304	2025-01-27T18:19:00Z	MetaB_16SV4V5_Plankton_AML40um	SAMEA112488304	environmental
ERR14106034_2.fastq.gz	getRawFile.cgi?id=1551-128	28.33 MB	4c937f7075f9148ff8891fc60f757557	run accession ERR14106034; study accession PRJEB83996; submitted filename SAMEA112488304_METAB-16S-V4V5_HJ5N5DRX5.UDI368-BID02-1_R2_clean.fastq.gz	automatically assigned raw FASTQ file based on the Biosample SAMEA112488304	2025-01-27T18:19:00Z	MetaB_16SV4V5_Plankton_AML40um	SAMEA112488304	environmental
ERR14106036_1.fastq.gz	getRawFile.cgi?id=1551-131	34.66 MB	5c9ef401a1fad5ad781b5a399989a137	run accession ERR14106036; study accession PRJEB83996; submitted filename SAMEA112518404_METAB-16S-V4V5_HGH7NDRX5.UDI194-BID09-2_R1_clean.fastq.gz	automatically assigned raw FASTQ file based on the Biosample SAMEA112518404	2025-01-27T18:19:00Z	MetaB_16SV4V5_Plankton_AML40um	SAMEA112518404	environmental
ERR14106036_2.fastq.gz	getRawFile.cgi?id=1551-132	37.54 MB	8a5db587a0e8295e5e34c423efa5c315	run accession ERR14106036; study accession PRJEB83996; submitted filename SAMEA112518404_METAB-16S-V4V5_HGH7NDRX5.UDI194-BID09-2_R2_clean.fastq.gz	automatically assigned raw FASTQ file based on the Biosample SAMEA112518404	2025-01-27T18:19:00Z	MetaB_16SV4V5_Plankton_AML40um	SAMEA112518404	environmental
ERR14106037_1.fastq.gz	getRawFile.cgi?id=1551-227	19.05 MB	2d6df735de05df89b825e7a78f0798fd	run accession ERR14106037; study accession PRJEB83996; submitted filename SAMEA112488137_METAB-16S-V4V5_HGH7NDRX5.UDI242-BID09-2_R1_clean.fastq.gz	automatically assigned raw FASTQ file based on the Biosample SAMEA112488137	2025-01-27T18:19:00Z	MetaB_16SV4V5_Plankton_AML40um	SAMEA112488137	environmental
ERR14106037_2.fastq.gz	getRawFile.cgi?id=1551-228	18.27 MB	1f874a9937f64ae916ddab92c24ac7aa	run accession ERR14106037; study accession PRJEB83996; submitted filename SAMEA112488137_METAB-16S-V4V5_HGH7NDRX5.UDI242-BID09-2_R2_clean.fastq.gz	automatically assigned raw FASTQ file based on the Biosample SAMEA112488137	2025-01-27T18:19:00Z	MetaB_16SV4V5_Plankton_AML40um	SAMEA112488137	environmental
ERR14106038_1.fastq.gz	getRawFile.cgi?id=1551-133	35.1 MB	61c8c66f25146e24f2a819b28bdd53cd	run accession ERR14106038; study accession PRJEB83996; submitted filename SAMEA112488228_METAB-16S-V4V5_HGH7NDRX5.UDI254-BID09-2_R1_clean.fastq.gz	automatically assigned raw FASTQ file based on the Biosample SAMEA112488228	2025-01-27T18:19:00Z	MetaB_16SV4V5_Plankton_AML40um	SAMEA112488228	environmental
ERR14106038_2.fastq.gz	getRawFile.cgi?id=1551-134	35.28 MB	f6c33bb775f6347bb4d4860cc9337bcc	run accession ERR14106038; study accession PRJEB83996; submitted filename SAMEA112488228_METAB-16S-V4V5_HGH7NDRX5.UDI254-BID09-2_R2_clean.fastq.gz	automatically assigned raw FASTQ file based on the Biosample SAMEA112488228	2025-01-27T18:19:00Z	MetaB_16SV4V5_Plankton_AML40um	SAMEA112488228	environmental
ERR14106040_1.fastq.gz	getRawFile.cgi?id=1551-135	19.74 MB	5558e4772a41807b8c8e0800f9b414e0	run accession ERR14106040; study accession PRJEB83996; submitted filename SAMEA112488221_METAB-16S-V4V5_HGH7NDRX5.UDI254-BID02-2_R1_clean.fastq.gz	automatically assigned raw FASTQ file based on the Biosample SAMEA112488221	2025-01-27T18:19:00Z	MetaB_16SV4V5_Plankton_AML40um	SAMEA112488221	environmental
ERR14106040_2.fastq.gz	getRawFile.cgi?id=1551-136	19.93 MB	e35d179e1a1b86ec0229d0aeb768f7f4	run accession ERR14106040; study accession PRJEB83996; submitted filename SAMEA112488221_METAB-16S-V4V5_HGH7NDRX5.UDI254-BID02-2_R2_clean.fastq.gz	automatically assigned raw FASTQ file based on the Biosample SAMEA112488221	2025-01-27T18:19:00Z	MetaB_16SV4V5_Plankton_AML40um	SAMEA112488221	environmental
ERR14106041_1.fastq.gz	getRawFile.cgi?id=1551-137	68.1 MB	1ad0c929b9ec210f1a57aa28289ba42b	run accession ERR14106041; study accession PRJEB83996; submitted filename SAMEA112488173_METAB-16S-V4V5_HGH7NDRX5.UDI206-BID01-2_R1_clean.fastq.gz	automatically assigned raw FASTQ file based on the Biosample SAMEA112488173	2025-01-27T18:19:00Z	MetaB_16SV4V5_Plankton_AML40um	SAMEA112488173	environmental
ERR14106041_2.fastq.gz	getRawFile.cgi?id=1551-138	69.75 MB	d3071936dd73a191cabf57e5e69874ed	run accession ERR14106041; study accession PRJEB83996; submitted filename SAMEA112488173_METAB-16S-V4V5_HGH7NDRX5.UDI206-BID01-2_R2_clean.fastq.gz	automatically assigned raw FASTQ file based on the Biosample SAMEA112488173	2025-01-27T18:19:00Z	MetaB_16SV4V5_Plankton_AML40um	SAMEA112488173	environmental
ERR14106043_1.fastq.gz	getRawFile.cgi?id=1551-29	100.84 MB	50362645f044cf53b39ab29006be7d4b	run accession ERR14106043; study accession PRJEB83996; submitted filename SAMEA112488279_METAB-16S-V4V5_HGH7NDRX5.UDI205-BID13-2_R1_clean.fastq.gz	automatically assigned raw FASTQ file based on the Biosample SAMEA112488279	2025-01-27T18:19:00Z	MetaB_16SV4V5_Plankton_AML40um	SAMEA112488279	environmental
ERR14106043_2.fastq.gz	getRawFile.cgi?id=1551-30	102.7 MB	515336c58d804a390576ab4cfe3052f2	run accession ERR14106043; study accession PRJEB83996; submitted filename SAMEA112488279_METAB-16S-V4V5_HGH7NDRX5.UDI205-BID13-2_R2_clean.fastq.gz	automatically assigned raw FASTQ file based on the Biosample SAMEA112488279	2025-01-27T18:19:00Z	MetaB_16SV4V5_Plankton_AML40um	SAMEA112488279	environmental
ERR14106045_1.fastq.gz	getRawFile.cgi?id=1551-235	38.75 MB	b849fe3b36fe43daad8722f20927317d	run accession ERR14106045; study accession PRJEB83996; submitted filename SAMEA112488234_METAB-16S-V4V5_HGH7NDRX5.UDI254-BID16-2_R1_clean.fastq.gz	automatically assigned raw FASTQ file based on the Biosample SAMEA112488234	2025-01-27T18:19:00Z	MetaB_16SV4V5_Plankton_AML40um	SAMEA112488234	environmental
ERR14106045_2.fastq.gz	getRawFile.cgi?id=1551-236	40.05 MB	c172fa9e8a9e81c260f210b668c2aaf1	run accession ERR14106045; study accession PRJEB83996; submitted filename SAMEA112488234_METAB-16S-V4V5_HGH7NDRX5.UDI254-BID16-2_R2_clean.fastq.gz	automatically assigned raw FASTQ file based on the Biosample SAMEA112488234	2025-01-27T18:19:00Z	MetaB_16SV4V5_Plankton_AML40um	SAMEA112488234	environmental
ERR14106046_1.fastq.gz	getRawFile.cgi?id=1551-31	23.65 MB	26d504c00d007bd0106c12117e140ec4	run accession ERR14106046; study accession PRJEB83996; submitted filename SAMEA112488206_METAB-16S-V4V5_HGH7NDRX5.UDI230-BID08-2_R1_clean.fastq.gz	automatically assigned raw FASTQ file based on the Biosample SAMEA112488206	2025-01-27T18:19:00Z	MetaB_16SV4V5_Plankton_AML40um	SAMEA112488206	environmental
ERR14106046_2.fastq.gz	getRawFile.cgi?id=1551-32	24.49 MB	70d620553123991153323ebbe80bb8af	run accession ERR14106046; study accession PRJEB83996; submitted filename SAMEA112488206_METAB-16S-V4V5_HGH7NDRX5.UDI230-BID08-2_R2_clean.fastq.gz	automatically assigned raw FASTQ file based on the Biosample SAMEA112488206	2025-01-27T18:19:00Z	MetaB_16SV4V5_Plankton_AML40um	SAMEA112488206	environmental
ERR14106048_1.fastq.gz	getRawFile.cgi?id=1551-35	78.42 MB	b71be32947798007e50ffe99a3f0238b	run accession ERR14106048; study accession PRJEB83996; submitted filename SAMEA112488191_METAB-16S-V4V5_HGH7NDRX5.UDI206-BID13-2_R1_clean.fastq.gz	automatically assigned raw FASTQ file based on the Biosample SAMEA112488191	2025-01-27T18:19:00Z	MetaB_16SV4V5_Plankton_AML40um	SAMEA112488191	environmental
ERR14106048_2.fastq.gz	getRawFile.cgi?id=1551-36	81.91 MB	e7c70c0214efde725db0a1556df9714e	run accession ERR14106048; study accession PRJEB83996; submitted filename SAMEA112488191_METAB-16S-V4V5_HGH7NDRX5.UDI206-BID13-2_R2_clean.fastq.gz	automatically assigned raw FASTQ file based on the Biosample SAMEA112488191	2025-01-27T18:19:00Z	MetaB_16SV4V5_Plankton_AML40um	SAMEA112488191	environmental
ERR14106049_1.fastq.gz	getRawFile.cgi?id=1551-237	30.45 MB	814238216e367983333c3f3192e7a6dc	run accession ERR14106049; study accession PRJEB83996; submitted filename SAMEA112488289_METAB-16S-V4V5_HGH7NDRX5.UDI265-BID04-2_R1_clean.fastq.gz	automatically assigned raw FASTQ file based on the Biosample SAMEA112488289	2025-01-27T18:19:00Z	MetaB_16SV4V5_Plankton_AML40um	SAMEA112488289	environmental
ERR14106049_2.fastq.gz	getRawFile.cgi?id=1551-238	31.75 MB	12775273fa3867a227c800cccf83ec69	run accession ERR14106049; study accession PRJEB83996; submitted filename SAMEA112488289_METAB-16S-V4V5_HGH7NDRX5.UDI265-BID04-2_R2_clean.fastq.gz	automatically assigned raw FASTQ file based on the Biosample SAMEA112488289	2025-01-27T18:19:00Z	MetaB_16SV4V5_Plankton_AML40um	SAMEA112488289	environmental
ERR14106050_1.fastq.gz	getRawFile.cgi?id=1551-37	71.1 MB	a9384103c74ea456afbc20d50618c227	run accession ERR14106050; study accession PRJEB83996; submitted filename SAMEA112488149_METAB-16S-V4V5_HGH7NDRX5.UDI242-BID16-2_R1_clean.fastq.gz	automatically assigned raw FASTQ file based on the Biosample SAMEA112488149	2025-01-27T18:19:00Z	MetaB_16SV4V5_Plankton_AML40um	SAMEA112488149	environmental
ERR14106050_2.fastq.gz	getRawFile.cgi?id=1551-38	71.95 MB	fa9768e9bab18159bf6a6b8f26e11097	run accession ERR14106050; study accession PRJEB83996; submitted filename SAMEA112488149_METAB-16S-V4V5_HGH7NDRX5.UDI242-BID16-2_R2_clean.fastq.gz	automatically assigned raw FASTQ file based on the Biosample SAMEA112488149	2025-01-27T18:19:00Z	MetaB_16SV4V5_Plankton_AML40um	SAMEA112488149	environmental
ERR14106051_1.fastq.gz	getRawFile.cgi?id=1551-239	23.34 MB	4108640a9305949eb7b00909ffbb112d	run accession ERR14106051; study accession PRJEB83996; submitted filename SAMEA112518389_METAB-16S-V4V5_HGH7NDRX5.UDI277-BID15-2_R1_clean.fastq.gz	automatically assigned raw FASTQ file based on the Biosample SAMEA112518389	2025-01-27T18:19:00Z	MetaB_16SV4V5_Plankton_AML40um	SAMEA112518389	environmental
ERR14106051_2.fastq.gz	getRawFile.cgi?id=1551-240	24.06 MB	f3406df69b9bc902ada41aa03e960c33	run accession ERR14106051; study accession PRJEB83996; submitted filename SAMEA112518389_METAB-16S-V4V5_HGH7NDRX5.UDI277-BID15-2_R2_clean.fastq.gz	automatically assigned raw FASTQ file based on the Biosample SAMEA112518389	2025-01-27T18:19:00Z	MetaB_16SV4V5_Plankton_AML40um	SAMEA112518389	environmental
ERR14106052_1.fastq.gz	getRawFile.cgi?id=1551-139	58.72 MB	c4be2dcad59bb251e569c40da914a27e	run accession ERR14106052; study accession PRJEB83996; submitted filename SAMEA112518387_METAB-16S-V4V5_HGH7NDRX5.UDI277-BID11-2_R1_clean.fastq.gz	automatically assigned raw FASTQ file based on the Biosample SAMEA112518387	2025-01-27T18:19:00Z	MetaB_16SV4V5_Plankton_AML40um	SAMEA112518387	environmental
ERR14106052_2.fastq.gz	getRawFile.cgi?id=1551-140	58.65 MB	370144c7fae76c09931cfc3f4e6a5b5c	run accession ERR14106052; study accession PRJEB83996; submitted filename SAMEA112518387_METAB-16S-V4V5_HGH7NDRX5.UDI277-BID11-2_R2_clean.fastq.gz	automatically assigned raw FASTQ file based on the Biosample SAMEA112518387	2025-01-27T18:19:00Z	MetaB_16SV4V5_Plankton_AML40um	SAMEA112518387	environmental
ERR14106053_1.fastq.gz	getRawFile.cgi?id=1551-141	21.88 MB	d9a77692c78a2943c3b2e325da87410d	run accession ERR14106053; study accession PRJEB83996; submitted filename SAMEA112518408_METAB-16S-V4V5_HGH7NDRX5.UDI194-BID11-2_R1_clean.fastq.gz	automatically assigned raw FASTQ file based on the Biosample SAMEA112518408	2025-01-27T18:19:00Z	MetaB_16SV4V5_Plankton_AML40um	SAMEA112518408	environmental
ERR14106053_2.fastq.gz	getRawFile.cgi?id=1551-142	25.82 MB	6668ebdfcf9fefd3e0c597b0fed43d5e	run accession ERR14106053; study accession PRJEB83996; submitted filename SAMEA112518408_METAB-16S-V4V5_HGH7NDRX5.UDI194-BID11-2_R2_clean.fastq.gz	automatically assigned raw FASTQ file based on the Biosample SAMEA112518408	2025-01-27T18:19:00Z	MetaB_16SV4V5_Plankton_AML40um	SAMEA112518408	environmental
ERR14106054_1.fastq.gz	getRawFile.cgi?id=1551-39	93.24 MB	9766bbe7ed54a4a8b8d10828917c677b	run accession ERR14106054; study accession PRJEB83996; submitted filename SAMEA112488223_METAB-16S-V4V5_HGH7NDRX5.UDI254-BID05-2_R1_clean.fastq.gz	automatically assigned raw FASTQ file based on the Biosample SAMEA112488223	2025-01-27T18:19:00Z	MetaB_16SV4V5_Plankton_AML40um	SAMEA112488223	environmental
ERR14106054_2.fastq.gz	getRawFile.cgi?id=1551-40	94.95 MB	46a681bc7e1c04d221430e6a91719d54	run accession ERR14106054; study accession PRJEB83996; submitted filename SAMEA112488223_METAB-16S-V4V5_HGH7NDRX5.UDI254-BID05-2_R2_clean.fastq.gz	automatically assigned raw FASTQ file based on the Biosample SAMEA112488223	2025-01-27T18:19:00Z	MetaB_16SV4V5_Plankton_AML40um	SAMEA112488223	environmental
ERR14106055_1.fastq.gz	getRawFile.cgi?id=1551-241	56.68 MB	0a6cd291a6fae85136f154aa433f3085	run accession ERR14106055; study accession PRJEB83996; submitted filename SAMEA112488254_METAB-16S-V4V5_HGH7NDRX5.UDI193-BID01-2_R1_clean.fastq.gz	automatically assigned raw FASTQ file based on the Biosample SAMEA112488254	2025-01-27T18:19:00Z	MetaB_16SV4V5_Plankton_AML40um	SAMEA112488254	environmental
ERR14106055_2.fastq.gz	getRawFile.cgi?id=1551-242	58.72 MB	53077f279e5c515b3f777eabdd175623	run accession ERR14106055; study accession PRJEB83996; submitted filename SAMEA112488254_METAB-16S-V4V5_HGH7NDRX5.UDI193-BID01-2_R2_clean.fastq.gz	automatically assigned raw FASTQ file based on the Biosample SAMEA112488254	2025-01-27T18:19:00Z	MetaB_16SV4V5_Plankton_AML40um	SAMEA112488254	environmental
ERR14106056_1.fastq.gz	getRawFile.cgi?id=1551-143	34.66 MB	478c98d4f4c5fe5a20b0349488d9f773	run accession ERR14106056; study accession PRJEB83996; submitted filename SAMEA112488163_METAB-16S-V4V5_HGH7NDRX5.UDI218-BID05-2_R1_clean.fastq.gz	automatically assigned raw FASTQ file based on the Biosample SAMEA112488163	2025-01-27T18:19:00Z	MetaB_16SV4V5_Plankton_AML40um	SAMEA112488163	environmental
ERR14106056_2.fastq.gz	getRawFile.cgi?id=1551-144	40.67 MB	c3704cac440a3f3dff8edc825263526d	run accession ERR14106056; study accession PRJEB83996; submitted filename SAMEA112488163_METAB-16S-V4V5_HGH7NDRX5.UDI218-BID05-2_R2_clean.fastq.gz	automatically assigned raw FASTQ file based on the Biosample SAMEA112488163	2025-01-27T18:19:00Z	MetaB_16SV4V5_Plankton_AML40um	SAMEA112488163	environmental
ERR14106057_1.fastq.gz	getRawFile.cgi?id=1551-41	31.43 MB	cb1660cde88cb97b997038a4cd525eb3	run accession ERR14106057; study accession PRJEB83996; submitted filename SAMEA112518371_METAB-16S-V4V5_HGH7NDRX5.UDI229-BID15-2_R1_clean.fastq.gz	automatically assigned raw FASTQ file based on the Biosample SAMEA112518371	2025-01-27T18:19:00Z	MetaB_16SV4V5_Plankton_AML40um	SAMEA112518371	environmental
ERR14106057_2.fastq.gz	getRawFile.cgi?id=1551-42	31.81 MB	c49f0f786dce1b40b5d99fe0692d02ba	run accession ERR14106057; study accession PRJEB83996; submitted filename SAMEA112518371_METAB-16S-V4V5_HGH7NDRX5.UDI229-BID15-2_R2_clean.fastq.gz	automatically assigned raw FASTQ file based on the Biosample SAMEA112518371	2025-01-27T18:19:00Z	MetaB_16SV4V5_Plankton_AML40um	SAMEA112518371	environmental
ERR14106058_1.fastq.gz	getRawFile.cgi?id=1551-243	29.1 MB	589f0c505f542fa26449cb744811cdbf	run accession ERR14106058; study accession PRJEB83996; submitted filename SAMEA112488249_METAB-16S-V4V5_HGH7NDRX5.UDI266-BID11-2_R1_clean.fastq.gz	automatically assigned raw FASTQ file based on the Biosample SAMEA112488249	2025-01-27T18:19:00Z	MetaB_16SV4V5_Plankton_AML40um	SAMEA112488249	environmental
ERR14106058_2.fastq.gz	getRawFile.cgi?id=1551-244	31.29 MB	b4a6a9ac05d8ddc49c5528a9a4d18004	run accession ERR14106058; study accession PRJEB83996; submitted filename SAMEA112488249_METAB-16S-V4V5_HGH7NDRX5.UDI266-BID11-2_R2_clean.fastq.gz	automatically assigned raw FASTQ file based on the Biosample SAMEA112488249	2025-01-27T18:19:00Z	MetaB_16SV4V5_Plankton_AML40um	SAMEA112488249	environmental
ERR14106059_1.fastq.gz	getRawFile.cgi?id=1551-145	24.55 MB	578329ae9cb3edd35af7fce473cd12f8	run accession ERR14106059; study accession PRJEB83996; submitted filename SAMEA112518373_METAB-16S-V4V5_HGH7NDRX5.UDI277-BID02-2_R1_clean.fastq.gz	automatically assigned raw FASTQ file based on the Biosample SAMEA112518373	2025-01-27T18:19:00Z	MetaB_16SV4V5_Plankton_AML40um	SAMEA112518373	environmental
ERR14106059_2.fastq.gz	getRawFile.cgi?id=1551-146	24.68 MB	6bac6008c7bea73f1bbe0a27da287a9a	run accession ERR14106059; study accession PRJEB83996; submitted filename SAMEA112518373_METAB-16S-V4V5_HGH7NDRX5.UDI277-BID02-2_R2_clean.fastq.gz	automatically assigned raw FASTQ file based on the Biosample SAMEA112518373	2025-01-27T18:19:00Z	MetaB_16SV4V5_Plankton_AML40um	SAMEA112518373	environmental
ERR14106060_1.fastq.gz	getRawFile.cgi?id=1551-147	56.4 MB	e637573e0e38ec50deb9493d685bf946	run accession ERR14106060; study accession PRJEB83996; submitted filename SAMEA112488232_METAB-16S-V4V5_HGH7NDRX5.UDI254-BID13-2_R1_clean.fastq.gz	automatically assigned raw FASTQ file based on the Biosample SAMEA112488232	2025-01-27T18:19:00Z	MetaB_16SV4V5_Plankton_AML40um	SAMEA112488232	environmental
ERR14106060_2.fastq.gz	getRawFile.cgi?id=1551-148	61.99 MB	10e9ab77898ef79171a87ee1e4ac4570	run accession ERR14106060; study accession PRJEB83996; submitted filename SAMEA112488232_METAB-16S-V4V5_HGH7NDRX5.UDI254-BID13-2_R2_clean.fastq.gz	automatically assigned raw FASTQ file based on the Biosample SAMEA112488232	2025-01-27T18:19:00Z	MetaB_16SV4V5_Plankton_AML40um	SAMEA112488232	environmental
ERR14106061_1.fastq.gz	getRawFile.cgi?id=1551-245	59.43 MB	b4ef9418c523263e37db6597dd246810	run accession ERR14106061; study accession PRJEB83996; submitted filename SAMEA112518367_METAB-16S-V4V5_HGH7NDRX5.UDI217-BID11-2_R1_clean.fastq.gz	automatically assigned raw FASTQ file based on the Biosample SAMEA112518367	2025-01-27T18:19:00Z	MetaB_16SV4V5_Plankton_AML40um	SAMEA112518367	environmental
ERR14106061_2.fastq.gz	getRawFile.cgi?id=1551-246	58.96 MB	e187fedd0914bc76aa12a106cb7c6ef2	run accession ERR14106061; study accession PRJEB83996; submitted filename SAMEA112518367_METAB-16S-V4V5_HGH7NDRX5.UDI217-BID11-2_R2_clean.fastq.gz	automatically assigned raw FASTQ file based on the Biosample SAMEA112518367	2025-01-27T18:19:00Z	MetaB_16SV4V5_Plankton_AML40um	SAMEA112518367	environmental
ERR14106063_1.fastq.gz	getRawFile.cgi?id=1551-249	36.11 MB	804d14d1fd0736149b16cf698715c822	run accession ERR14106063; study accession PRJEB83996; submitted filename SAMEA112488261_METAB-16S-V4V5_HGH7NDRX5.UDI193-BID09-2_R1_clean.fastq.gz	automatically assigned raw FASTQ file based on the Biosample SAMEA112488261	2025-01-27T18:19:00Z	MetaB_16SV4V5_Plankton_AML40um	SAMEA112488261	environmental
ERR14106063_2.fastq.gz	getRawFile.cgi?id=1551-250	36.01 MB	ad7ea189ae934f17e21ddd543a4745ba	run accession ERR14106063; study accession PRJEB83996; submitted filename SAMEA112488261_METAB-16S-V4V5_HGH7NDRX5.UDI193-BID09-2_R2_clean.fastq.gz	automatically assigned raw FASTQ file based on the Biosample SAMEA112488261	2025-01-27T18:19:00Z	MetaB_16SV4V5_Plankton_AML40um	SAMEA112488261	environmental
ERR14106064_1.fastq.gz	getRawFile.cgi?id=1551-251	40.21 MB	004ce7e09a2673b144a3cbf4d3aa05d7	run accession ERR14106064; study accession PRJEB83996; submitted filename SAMEA112488244_METAB-16S-V4V5_HGH7NDRX5.UDI266-BID09-2_R1_clean.fastq.gz	automatically assigned raw FASTQ file based on the Biosample SAMEA112488244	2025-01-27T18:19:00Z	MetaB_16SV4V5_Plankton_AML40um	SAMEA112488244	environmental
ERR14106064_2.fastq.gz	getRawFile.cgi?id=1551-252	41.27 MB	7ba22a5ec652f31d112b941444e8a5ee	run accession ERR14106064; study accession PRJEB83996; submitted filename SAMEA112488244_METAB-16S-V4V5_HGH7NDRX5.UDI266-BID09-2_R2_clean.fastq.gz	automatically assigned raw FASTQ file based on the Biosample SAMEA112488244	2025-01-27T18:19:00Z	MetaB_16SV4V5_Plankton_AML40um	SAMEA112488244	environmental
ERR14106065_1.fastq.gz	getRawFile.cgi?id=1551-43	36.46 MB	d933b454b33da77510222f5b50b92361	run accession ERR14106065; study accession PRJEB83996; submitted filename SAMEA112488305_METAB-16S-V4V5_HGH7NDRX5.UDI217-BID01-2_R1_clean.fastq.gz	automatically assigned raw FASTQ file based on the Biosample SAMEA112488305	2025-01-27T18:19:00Z	MetaB_16SV4V5_Plankton_AML40um	SAMEA112488305	environmental
ERR14106065_2.fastq.gz	getRawFile.cgi?id=1551-44	37.97 MB	99f88a3dd99fa8d130da9f420f1170ce	run accession ERR14106065; study accession PRJEB83996; submitted filename SAMEA112488305_METAB-16S-V4V5_HGH7NDRX5.UDI217-BID01-2_R2_clean.fastq.gz	automatically assigned raw FASTQ file based on the Biosample SAMEA112488305	2025-01-27T18:19:00Z	MetaB_16SV4V5_Plankton_AML40um	SAMEA112488305	environmental
ERR14106066_1.fastq.gz	getRawFile.cgi?id=1551-253	19.13 MB	32ee393005d10f1c24c758a62bbd9b94	run accession ERR14106066; study accession PRJEB83996; submitted filename SAMEA112488294_METAB-16S-V4V5_HJ5N5DRX5.UDI368-BID01-1_R1_clean.fastq.gz	automatically assigned raw FASTQ file based on the Biosample SAMEA112488294	2025-01-27T18:19:00Z	MetaB_16SV4V5_Plankton_AML40um	SAMEA112488294	environmental
ERR14106066_2.fastq.gz	getRawFile.cgi?id=1551-254	19.53 MB	adefd1bada62360e50d246850b5ca289	run accession ERR14106066; study accession PRJEB83996; submitted filename SAMEA112488294_METAB-16S-V4V5_HJ5N5DRX5.UDI368-BID01-1_R2_clean.fastq.gz	automatically assigned raw FASTQ file based on the Biosample SAMEA112488294	2025-01-27T18:19:00Z	MetaB_16SV4V5_Plankton_AML40um	SAMEA112488294	environmental
ERR14106067_1.fastq.gz	getRawFile.cgi?id=1551-45	75.42 MB	a005dd3263c82068a5a492626aac98a4	run accession ERR14106067; study accession PRJEB83996; submitted filename SAMEA112488205_METAB-16S-V4V5_HGH7NDRX5.UDI230-BID05-2_R1_clean.fastq.gz	automatically assigned raw FASTQ file based on the Biosample SAMEA112488205	2025-01-27T18:19:00Z	MetaB_16SV4V5_Plankton_AML40um	SAMEA112488205	environmental
ERR14106067_2.fastq.gz	getRawFile.cgi?id=1551-46	77.41 MB	ea1082dca8cc4aa85148306eaf1bf39d	run accession ERR14106067; study accession PRJEB83996; submitted filename SAMEA112488205_METAB-16S-V4V5_HGH7NDRX5.UDI230-BID05-2_R2_clean.fastq.gz	automatically assigned raw FASTQ file based on the Biosample SAMEA112488205	2025-01-27T18:19:00Z	MetaB_16SV4V5_Plankton_AML40um	SAMEA112488205	environmental
ERR14106068_1.fastq.gz	getRawFile.cgi?id=1551-255	67.69 MB	8815c1234f98192a84d646b6014b3ca1	run accession ERR14106068; study accession PRJEB83996; submitted filename SAMEA112488258_METAB-16S-V4V5_HGH7NDRX5.UDI193-BID05-2_R1_clean.fastq.gz	automatically assigned raw FASTQ file based on the Biosample SAMEA112488258	2025-01-27T18:19:00Z	MetaB_16SV4V5_Plankton_AML40um	SAMEA112488258	environmental
ERR14106068_2.fastq.gz	getRawFile.cgi?id=1551-256	70.11 MB	beb8aed0da29240f010410f0b716a340	run accession ERR14106068; study accession PRJEB83996; submitted filename SAMEA112488258_METAB-16S-V4V5_HGH7NDRX5.UDI193-BID05-2_R2_clean.fastq.gz	automatically assigned raw FASTQ file based on the Biosample SAMEA112488258	2025-01-27T18:19:00Z	MetaB_16SV4V5_Plankton_AML40um	SAMEA112488258	environmental
ERR14106069_1.fastq.gz	getRawFile.cgi?id=1551-149	45.51 MB	b652351728f8652a94de934369de73db	run accession ERR14106069; study accession PRJEB83996; submitted filename SAMEA112488276_METAB-16S-V4V5_HGH7NDRX5.UDI205-BID09-2_R1_clean.fastq.gz	automatically assigned raw FASTQ file based on the Biosample SAMEA112488276	2025-01-27T18:19:00Z	MetaB_16SV4V5_Plankton_AML40um	SAMEA112488276	environmental
ERR14106069_2.fastq.gz	getRawFile.cgi?id=1551-150	45.18 MB	ad5a1704cb77e9512348b09730e24189	run accession ERR14106069; study accession PRJEB83996; submitted filename SAMEA112488276_METAB-16S-V4V5_HGH7NDRX5.UDI205-BID09-2_R2_clean.fastq.gz	automatically assigned raw FASTQ file based on the Biosample SAMEA112488276	2025-01-27T18:19:00Z	MetaB_16SV4V5_Plankton_AML40um	SAMEA112488276	environmental
ERR14106070_1.fastq.gz	getRawFile.cgi?id=1551-151	51.77 MB	a9bac9fe55a85594bf5f1a3564602bbf	run accession ERR14106070; study accession PRJEB83996; submitted filename SAMEA112488117_METAB-16S-V4V5_HGH7NDRX5.UDI253-BID04-2_R1_clean.fastq.gz	automatically assigned raw FASTQ file based on the Biosample SAMEA112488117	2025-01-27T18:19:00Z	MetaB_16SV4V5_Plankton_AML40um	SAMEA112488117	environmental
ERR14106070_2.fastq.gz	getRawFile.cgi?id=1551-152	54.06 MB	cc819bbb7d257a40fb4488d12a98cc84	run accession ERR14106070; study accession PRJEB83996; submitted filename SAMEA112488117_METAB-16S-V4V5_HGH7NDRX5.UDI253-BID04-2_R2_clean.fastq.gz	automatically assigned raw FASTQ file based on the Biosample SAMEA112488117	2025-01-27T18:19:00Z	MetaB_16SV4V5_Plankton_AML40um	SAMEA112488117	environmental
ERR14106071_1.fastq.gz	getRawFile.cgi?id=1551-257	40.37 MB	919ece43767fce214d015e10654f9512	run accession ERR14106071; study accession PRJEB83996; submitted filename SAMEA112488132_METAB-16S-V4V5_HGH7NDRX5.UDI242-BID02-2_R1_clean.fastq.gz	automatically assigned raw FASTQ file based on the Biosample SAMEA112488132	2025-01-27T18:19:00Z	MetaB_16SV4V5_Plankton_AML40um	SAMEA112488132	environmental
ERR14106071_2.fastq.gz	getRawFile.cgi?id=1551-258	39.56 MB	a8ee6c0b59fc51baf57861dfd6e0172d	run accession ERR14106071; study accession PRJEB83996; submitted filename SAMEA112488132_METAB-16S-V4V5_HGH7NDRX5.UDI242-BID02-2_R2_clean.fastq.gz	automatically assigned raw FASTQ file based on the Biosample SAMEA112488132	2025-01-27T18:19:00Z	MetaB_16SV4V5_Plankton_AML40um	SAMEA112488132	environmental
ERR14106072_1.fastq.gz	getRawFile.cgi?id=1551-153	68.56 MB	0f68ada44a2d3c51f8a328c19980afd6	run accession ERR14106072; study accession PRJEB83996; submitted filename SAMEA112518380_METAB-16S-V4V5_HGH7NDRX5.UDI277-BID05-2_R1_clean.fastq.gz	automatically assigned raw FASTQ file based on the Biosample SAMEA112518380	2025-01-27T18:19:00Z	MetaB_16SV4V5_Plankton_AML40um	SAMEA112518380	environmental
ERR14106072_2.fastq.gz	getRawFile.cgi?id=1551-154	70.95 MB	e23a52b136347a45b29d5847dfbdbab4	run accession ERR14106072; study accession PRJEB83996; submitted filename SAMEA112518380_METAB-16S-V4V5_HGH7NDRX5.UDI277-BID05-2_R2_clean.fastq.gz	automatically assigned raw FASTQ file based on the Biosample SAMEA112518380	2025-01-27T18:19:00Z	MetaB_16SV4V5_Plankton_AML40um	SAMEA112518380	environmental
ERR14106073_1.fastq.gz	getRawFile.cgi?id=1551-155	37.2 MB	9365db589f511bcadd7ffe03e3930af7	run accession ERR14106073; study accession PRJEB83996; submitted filename SAMEA112488325_METAB-16S-V4V5_HJ5N5DRX5.UDI370-BID25-1_R1_clean.fastq.gz	automatically assigned raw FASTQ file based on the Biosample SAMEA112488325	2025-01-27T18:19:00Z	MetaB_16SV4V5_Plankton_AML40um	SAMEA112488325	environmental
ERR14106073_2.fastq.gz	getRawFile.cgi?id=1551-156	35.59 MB	f0b7494986166174c11d25c7e9ec6245	run accession ERR14106073; study accession PRJEB83996; submitted filename SAMEA112488325_METAB-16S-V4V5_HJ5N5DRX5.UDI370-BID25-1_R2_clean.fastq.gz	automatically assigned raw FASTQ file based on the Biosample SAMEA112488325	2025-01-27T18:19:00Z	MetaB_16SV4V5_Plankton_AML40um	SAMEA112488325	environmental
ERR14106074_1.fastq.gz	getRawFile.cgi?id=1551-259	52.55 MB	1b7bbd16da443c6f7cf64eb8a26e304c	run accession ERR14106074; study accession PRJEB83996; submitted filename SAMEA112488250_METAB-16S-V4V5_HGH7NDRX5.UDI266-BID13-2_R1_clean.fastq.gz	automatically assigned raw FASTQ file based on the Biosample SAMEA112488250	2025-01-27T18:19:00Z	MetaB_16SV4V5_Plankton_AML40um	SAMEA112488250	environmental
ERR14106074_2.fastq.gz	getRawFile.cgi?id=1551-260	58.36 MB	c33b58d790a3cc7a218f474e51179262	run accession ERR14106074; study accession PRJEB83996; submitted filename SAMEA112488250_METAB-16S-V4V5_HGH7NDRX5.UDI266-BID13-2_R2_clean.fastq.gz	automatically assigned raw FASTQ file based on the Biosample SAMEA112488250	2025-01-27T18:19:00Z	MetaB_16SV4V5_Plankton_AML40um	SAMEA112488250	environmental
ERR14106075_1.fastq.gz	getRawFile.cgi?id=1551-47	38.69 MB	1537c83272f58ee0045335da0bd08284	run accession ERR14106075; study accession PRJEB83996; submitted filename SAMEA112488241_METAB-16S-V4V5_HGH7NDRX5.UDI266-BID04-2_R1_clean.fastq.gz	automatically assigned raw FASTQ file based on the Biosample SAMEA112488241	2025-01-27T18:19:00Z	MetaB_16SV4V5_Plankton_AML40um	SAMEA112488241	environmental
ERR14106075_2.fastq.gz	getRawFile.cgi?id=1551-48	40.02 MB	b5e259625f766cc8f999acf68332ca94	run accession ERR14106075; study accession PRJEB83996; submitted filename SAMEA112488241_METAB-16S-V4V5_HGH7NDRX5.UDI266-BID04-2_R2_clean.fastq.gz	automatically assigned raw FASTQ file based on the Biosample SAMEA112488241	2025-01-27T18:19:00Z	MetaB_16SV4V5_Plankton_AML40um	SAMEA112488241	environmental
ERR14106076_1.fastq.gz	getRawFile.cgi?id=1551-261	19.12 MB	21c4a914b8c78c1ead782bc2d103424d	run accession ERR14106076; study accession PRJEB83996; submitted filename SAMEA112488260_METAB-16S-V4V5_HGH7NDRX5.UDI193-BID08-2_R1_clean.fastq.gz	automatically assigned raw FASTQ file based on the Biosample SAMEA112488260	2025-01-27T18:19:00Z	MetaB_16SV4V5_Plankton_AML40um	SAMEA112488260	environmental
ERR14106076_2.fastq.gz	getRawFile.cgi?id=1551-262	19.39 MB	e5f7cae089dec4da888bed9f0bdfab16	run accession ERR14106076; study accession PRJEB83996; submitted filename SAMEA112488260_METAB-16S-V4V5_HGH7NDRX5.UDI193-BID08-2_R2_clean.fastq.gz	automatically assigned raw FASTQ file based on the Biosample SAMEA112488260	2025-01-27T18:19:00Z	MetaB_16SV4V5_Plankton_AML40um	SAMEA112488260	environmental
ERR14106078_1.fastq.gz	getRawFile.cgi?id=1551-157	49.31 MB	8eca69f56311cc114efcdca867faba5f	run accession ERR14106078; study accession PRJEB83996; submitted filename SAMEA112488277_METAB-16S-V4V5_HGH7NDRX5.UDI205-BID11-2_R1_clean.fastq.gz	automatically assigned raw FASTQ file based on the Biosample SAMEA112488277	2025-01-27T18:19:00Z	MetaB_16SV4V5_Plankton_AML40um	SAMEA112488277	environmental
ERR14106078_2.fastq.gz	getRawFile.cgi?id=1551-158	49.76 MB	99f57dd70e4ee7aad2064802ab4e9580	run accession ERR14106078; study accession PRJEB83996; submitted filename SAMEA112488277_METAB-16S-V4V5_HGH7NDRX5.UDI205-BID11-2_R2_clean.fastq.gz	automatically assigned raw FASTQ file based on the Biosample SAMEA112488277	2025-01-27T18:19:00Z	MetaB_16SV4V5_Plankton_AML40um	SAMEA112488277	environmental
ERR14106079_1.fastq.gz	getRawFile.cgi?id=1551-51	35.9 MB	26bec56447e862fb645517905126870d	run accession ERR14106079; study accession PRJEB83996; submitted filename SAMEA112488317_METAB-16S-V4V5_HGH7NDRX5.UDI217-BID15-2_R1_clean.fastq.gz	automatically assigned raw FASTQ file based on the Biosample SAMEA112488317	2025-01-27T18:19:00Z	MetaB_16SV4V5_Plankton_AML40um	SAMEA112488317	environmental
ERR14106079_2.fastq.gz	getRawFile.cgi?id=1551-52	35.33 MB	f5bbe896189e2253fbee8ac716caab38	run accession ERR14106079; study accession PRJEB83996; submitted filename SAMEA112488317_METAB-16S-V4V5_HGH7NDRX5.UDI217-BID15-2_R2_clean.fastq.gz	automatically assigned raw FASTQ file based on the Biosample SAMEA112488317	2025-01-27T18:19:00Z	MetaB_16SV4V5_Plankton_AML40um	SAMEA112488317	environmental
ERR14106080_1.fastq.gz	getRawFile.cgi?id=1551-263	20.62 MB	7840aa9d5bb0b75962d9cd3473307b71	run accession ERR14106080; study accession PRJEB83996; submitted filename SAMEA112488243_METAB-16S-V4V5_HGH7NDRX5.UDI266-BID08-2_R1_clean.fastq.gz	automatically assigned raw FASTQ file based on the Biosample SAMEA112488243	2025-01-27T18:19:00Z	MetaB_16SV4V5_Plankton_AML40um	SAMEA112488243	environmental
ERR14106080_2.fastq.gz	getRawFile.cgi?id=1551-264	22.34 MB	a6b2aa5bb37dbd15b384f3f8ca19b6dc	run accession ERR14106080; study accession PRJEB83996; submitted filename SAMEA112488243_METAB-16S-V4V5_HGH7NDRX5.UDI266-BID08-2_R2_clean.fastq.gz	automatically assigned raw FASTQ file based on the Biosample SAMEA112488243	2025-01-27T18:19:00Z	MetaB_16SV4V5_Plankton_AML40um	SAMEA112488243	environmental
ERR14106081_1.fastq.gz	getRawFile.cgi?id=1551-159	19.39 MB	233581386c7077369ab3f0d324708b95	run accession ERR14106081; study accession PRJEB83996; submitted filename SAMEA112488168_METAB-16S-V4V5_HGH7NDRX5.UDI218-BID15-2_R1_clean.fastq.gz	automatically assigned raw FASTQ file based on the Biosample SAMEA112488168	2025-01-27T18:19:00Z	MetaB_16SV4V5_Plankton_AML40um	SAMEA112488168	environmental
ERR14106081_2.fastq.gz	getRawFile.cgi?id=1551-160	20.22 MB	eec25782a6b31d4d6aa90eec0cc880f1	run accession ERR14106081; study accession PRJEB83996; submitted filename SAMEA112488168_METAB-16S-V4V5_HGH7NDRX5.UDI218-BID15-2_R2_clean.fastq.gz	automatically assigned raw FASTQ file based on the Biosample SAMEA112488168	2025-01-27T18:19:00Z	MetaB_16SV4V5_Plankton_AML40um	SAMEA112488168	environmental
ERR14106082_1.fastq.gz	getRawFile.cgi?id=1551-53	33.38 MB	ad741a81cdc8bd32c31f6f0c6ff5a23a	run accession ERR14106082; study accession PRJEB83996; submitted filename SAMEA112488166_METAB-16S-V4V5_HGH7NDRX5.UDI218-BID11-2_R1_clean.fastq.gz	automatically assigned raw FASTQ file based on the Biosample SAMEA112488166	2025-01-27T18:19:00Z	MetaB_16SV4V5_Plankton_AML40um	SAMEA112488166	environmental
ERR14106082_2.fastq.gz	getRawFile.cgi?id=1551-54	33.59 MB	9fc6b5dc59b2a3ed69fc22e1e32e59db	run accession ERR14106082; study accession PRJEB83996; submitted filename SAMEA112488166_METAB-16S-V4V5_HGH7NDRX5.UDI218-BID11-2_R2_clean.fastq.gz	automatically assigned raw FASTQ file based on the Biosample SAMEA112488166	2025-01-27T18:19:00Z	MetaB_16SV4V5_Plankton_AML40um	SAMEA112488166	environmental
ERR14106083_1.fastq.gz	getRawFile.cgi?id=1551-265	74.09 MB	cb9d6c44ac01017fc244b2fe22e7f00d	run accession ERR14106083; study accession PRJEB83996; submitted filename SAMEA112488150_METAB-16S-V4V5_HGH7NDRX5.UDI218-BID01-2_R1_clean.fastq.gz	automatically assigned raw FASTQ file based on the Biosample SAMEA112488150	2025-01-27T18:19:00Z	MetaB_16SV4V5_Plankton_AML40um	SAMEA112488150	environmental
ERR14106083_2.fastq.gz	getRawFile.cgi?id=1551-266	75.31 MB	378d0d489c08de2f945aff22a3d295c6	run accession ERR14106083; study accession PRJEB83996; submitted filename SAMEA112488150_METAB-16S-V4V5_HGH7NDRX5.UDI218-BID01-2_R2_clean.fastq.gz	automatically assigned raw FASTQ file based on the Biosample SAMEA112488150	2025-01-27T18:19:00Z	MetaB_16SV4V5_Plankton_AML40um	SAMEA112488150	environmental
ERR14106084_1.fastq.gz	getRawFile.cgi?id=1551-161	88.84 MB	9f7de636f791ac6f6780d7240cc2585e	run accession ERR14106084; study accession PRJEB83996; submitted filename SAMEA112488268_METAB-16S-V4V5_HGH7NDRX5.UDI193-BID13-2_R1_clean.fastq.gz	automatically assigned raw FASTQ file based on the Biosample SAMEA112488268	2025-01-27T18:19:00Z	MetaB_16SV4V5_Plankton_AML40um	SAMEA112488268	environmental
ERR14106084_2.fastq.gz	getRawFile.cgi?id=1551-162	89.24 MB	001d1a0f31d4f7cd4e4ab40bcd9d7952	run accession ERR14106084; study accession PRJEB83996; submitted filename SAMEA112488268_METAB-16S-V4V5_HGH7NDRX5.UDI193-BID13-2_R2_clean.fastq.gz	automatically assigned raw FASTQ file based on the Biosample SAMEA112488268	2025-01-27T18:19:00Z	MetaB_16SV4V5_Plankton_AML40um	SAMEA112488268	environmental
ERR14106085_1.fastq.gz	getRawFile.cgi?id=1551-55	20.9 MB	0ab4f934ec8ddcb9c9bfd22cb80d82e4	run accession ERR14106085; study accession PRJEB83996; submitted filename SAMEA112518384_METAB-16S-V4V5_HGH7NDRX5.UDI277-BID09-2_R1_clean.fastq.gz	automatically assigned raw FASTQ file based on the Biosample SAMEA112518384	2025-01-27T18:19:00Z	MetaB_16SV4V5_Plankton_AML40um	SAMEA112518384	environmental
ERR14106085_2.fastq.gz	getRawFile.cgi?id=1551-56	20.93 MB	f02a3cad0537affc822689e0b5349bbf	run accession ERR14106085; study accession PRJEB83996; submitted filename SAMEA112518384_METAB-16S-V4V5_HGH7NDRX5.UDI277-BID09-2_R2_clean.fastq.gz	automatically assigned raw FASTQ file based on the Biosample SAMEA112518384	2025-01-27T18:19:00Z	MetaB_16SV4V5_Plankton_AML40um	SAMEA112518384	environmental
ERR14106087_1.fastq.gz	getRawFile.cgi?id=1551-165	27.1 MB	d8f59bc376a66bf78d74b83d594671d0	run accession ERR14106087; study accession PRJEB83996; submitted filename SAMEA112488165_METAB-16S-V4V5_HGH7NDRX5.UDI218-BID09-2_R1_clean.fastq.gz	automatically assigned raw FASTQ file based on the Biosample SAMEA112488165	2025-01-27T18:19:00Z	MetaB_16SV4V5_Plankton_AML40um	SAMEA112488165	environmental
ERR14106087_2.fastq.gz	getRawFile.cgi?id=1551-166	28.84 MB	c599b2dc1d174494645dce2baaade902	run accession ERR14106087; study accession PRJEB83996; submitted filename SAMEA112488165_METAB-16S-V4V5_HGH7NDRX5.UDI218-BID09-2_R2_clean.fastq.gz	automatically assigned raw FASTQ file based on the Biosample SAMEA112488165	2025-01-27T18:19:00Z	MetaB_16SV4V5_Plankton_AML40um	SAMEA112488165	environmental
ERR14106088_1.fastq.gz	getRawFile.cgi?id=1551-267	40.31 MB	6fe1abd4612b4b83f41688620aae608d	run accession ERR14106088; study accession PRJEB83996; submitted filename SAMEA112488140_METAB-16S-V4V5_HJ5N5DRX5.UDI368-BID11-1_R1_clean.fastq.gz	automatically assigned raw FASTQ file based on the Biosample SAMEA112488140	2025-01-27T18:19:00Z	MetaB_16SV4V5_Plankton_AML40um	SAMEA112488140	environmental
ERR14106088_2.fastq.gz	getRawFile.cgi?id=1551-268	37.46 MB	51ef6887b1c2ed1ed689c64fcf676b66	run accession ERR14106088; study accession PRJEB83996; submitted filename SAMEA112488140_METAB-16S-V4V5_HJ5N5DRX5.UDI368-BID11-1_R2_clean.fastq.gz	automatically assigned raw FASTQ file based on the Biosample SAMEA112488140	2025-01-27T18:19:00Z	MetaB_16SV4V5_Plankton_AML40um	SAMEA112488140	environmental
ERR14106090_1.fastq.gz	getRawFile.cgi?id=1551-59	17.75 MB	dcf69c1e818491fc42146bc396e1f3ef	run accession ERR14106090; study accession PRJEB83996; submitted filename SAMEA112488288_METAB-16S-V4V5_HGH7NDRX5.UDI265-BID02-2_R1_clean.fastq.gz	automatically assigned raw FASTQ file based on the Biosample SAMEA112488288	2025-01-27T18:19:00Z	MetaB_16SV4V5_Plankton_AML40um	SAMEA112488288	environmental
ERR14106090_2.fastq.gz	getRawFile.cgi?id=1551-60	18.03 MB	126edb7f67e6b727a4dde2e5f0081dd3	run accession ERR14106090; study accession PRJEB83996; submitted filename SAMEA112488288_METAB-16S-V4V5_HGH7NDRX5.UDI265-BID02-2_R2_clean.fastq.gz	automatically assigned raw FASTQ file based on the Biosample SAMEA112488288	2025-01-27T18:19:00Z	MetaB_16SV4V5_Plankton_AML40um	SAMEA112488288	environmental
ERR14106091_1.fastq.gz	getRawFile.cgi?id=1551-61	46.98 MB	e7cd2887d3bf1c08cb29b904e295a0aa	run accession ERR14106091; study accession PRJEB83996; submitted filename SAMEA112488134_METAB-16S-V4V5_HGH7NDRX5.UDI242-BID05-2_R1_clean.fastq.gz	automatically assigned raw FASTQ file based on the Biosample SAMEA112488134	2025-01-27T18:19:00Z	MetaB_16SV4V5_Plankton_AML40um	SAMEA112488134	environmental
ERR14106091_2.fastq.gz	getRawFile.cgi?id=1551-62	48.37 MB	db9127915b7141dc9b7761ff9711e782	run accession ERR14106091; study accession PRJEB83996; submitted filename SAMEA112488134_METAB-16S-V4V5_HGH7NDRX5.UDI242-BID05-2_R2_clean.fastq.gz	automatically assigned raw FASTQ file based on the Biosample SAMEA112488134	2025-01-27T18:19:00Z	MetaB_16SV4V5_Plankton_AML40um	SAMEA112488134	environmental
ERR14106093_1.fastq.gz	getRawFile.cgi?id=1551-65	30.7 MB	03d11915bf48d60067f7895a7da993f1	run accession ERR14106093; study accession PRJEB83996; submitted filename SAMEA112488297_METAB-16S-V4V5_HGH7NDRX5.UDI265-BID11-2_R1_clean.fastq.gz	automatically assigned raw FASTQ file based on the Biosample SAMEA112488297	2025-01-27T18:19:00Z	MetaB_16SV4V5_Plankton_AML40um	SAMEA112488297	environmental
ERR14106093_2.fastq.gz	getRawFile.cgi?id=1551-66	31.61 MB	18f1596fed8335b60ac73aec9a7604d7	run accession ERR14106093; study accession PRJEB83996; submitted filename SAMEA112488297_METAB-16S-V4V5_HGH7NDRX5.UDI265-BID11-2_R2_clean.fastq.gz	automatically assigned raw FASTQ file based on the Biosample SAMEA112488297	2025-01-27T18:19:00Z	MetaB_16SV4V5_Plankton_AML40um	SAMEA112488297	environmental
ERR14106094_1.fastq.gz	getRawFile.cgi?id=1551-167	118.31 MB	1c0ae1cb6478c31a4d9c91bbedb692ec	run accession ERR14106094; study accession PRJEB83996; submitted filename SAMEA112567295_METAB-16S-V4V5_HGH7NDRX5.UDI194-BID13-2_R1_clean.fastq.gz	automatically assigned raw FASTQ file based on the Biosample SAMEA112567295	2025-01-27T18:19:00Z	MetaB_16SV4V5_Plankton_AML40um	SAMEA112567295	environmental
ERR14106094_2.fastq.gz	getRawFile.cgi?id=1551-168	128.37 MB	6b747f8b50e43d0549cab5de139e0cd2	run accession ERR14106094; study accession PRJEB83996; submitted filename SAMEA112567295_METAB-16S-V4V5_HGH7NDRX5.UDI194-BID13-2_R2_clean.fastq.gz	automatically assigned raw FASTQ file based on the Biosample SAMEA112567295	2025-01-27T18:19:00Z	MetaB_16SV4V5_Plankton_AML40um	SAMEA112567295	environmental
ERR14106095_1.fastq.gz	getRawFile.cgi?id=1551-67	39.45 MB	75580e4bf2341b8c280cdffba48fb5e6	run accession ERR14106095; study accession PRJEB83996; submitted filename SAMEA112518366_METAB-16S-V4V5_HGH7NDRX5.UDI229-BID09-2_R1_clean.fastq.gz	automatically assigned raw FASTQ file based on the Biosample SAMEA112518366	2025-01-27T18:19:00Z	MetaB_16SV4V5_Plankton_AML40um	SAMEA112518366	environmental
ERR14106095_2.fastq.gz	getRawFile.cgi?id=1551-68	38.69 MB	7555c1058d94ba445970d78d26da6e16	run accession ERR14106095; study accession PRJEB83996; submitted filename SAMEA112518366_METAB-16S-V4V5_HGH7NDRX5.UDI229-BID09-2_R2_clean.fastq.gz	automatically assigned raw FASTQ file based on the Biosample SAMEA112518366	2025-01-27T18:19:00Z	MetaB_16SV4V5_Plankton_AML40um	SAMEA112518366	environmental
ERR14106096_1.fastq.gz	getRawFile.cgi?id=1551-269	36.56 MB	76b36ff3e4f049cb9cb070cf2d7005c5	run accession ERR14106096; study accession PRJEB83996; submitted filename SAMEA112488282_METAB-16S-V4V5_HGH7NDRX5.UDI265-BID01-2_R1_clean.fastq.gz	automatically assigned raw FASTQ file based on the Biosample SAMEA112488282	2025-01-27T18:19:00Z	MetaB_16SV4V5_Plankton_AML40um	SAMEA112488282	environmental
ERR14106096_2.fastq.gz	getRawFile.cgi?id=1551-270	38.82 MB	9ebde04aae630b03b021bd4f3bcc642d	run accession ERR14106096; study accession PRJEB83996; submitted filename SAMEA112488282_METAB-16S-V4V5_HGH7NDRX5.UDI265-BID01-2_R2_clean.fastq.gz	automatically assigned raw FASTQ file based on the Biosample SAMEA112488282	2025-01-27T18:19:00Z	MetaB_16SV4V5_Plankton_AML40um	SAMEA112488282	environmental
ERR14106097_1.fastq.gz	getRawFile.cgi?id=1551-69	40.48 MB	33a27bae8c84541daa83c5bede9cdebd	run accession ERR14106097; study accession PRJEB83996; submitted filename SAMEA112488257_METAB-16S-V4V5_HGH7NDRX5.UDI193-BID04-2_R1_clean.fastq.gz	automatically assigned raw FASTQ file based on the Biosample SAMEA112488257	2025-01-27T18:19:00Z	MetaB_16SV4V5_Plankton_AML40um	SAMEA112488257	environmental
ERR14106097_2.fastq.gz	getRawFile.cgi?id=1551-70	40.89 MB	8c60f5c2367464bba6f05c61c3bbd024	run accession ERR14106097; study accession PRJEB83996; submitted filename SAMEA112488257_METAB-16S-V4V5_HGH7NDRX5.UDI193-BID04-2_R2_clean.fastq.gz	automatically assigned raw FASTQ file based on the Biosample SAMEA112488257	2025-01-27T18:19:00Z	MetaB_16SV4V5_Plankton_AML40um	SAMEA112488257	environmental
ERR14106098_1.fastq.gz	getRawFile.cgi?id=1551-171	49.93 MB	0d0f2ccbf14bcf5de9da07365c2f98cf	run accession ERR14106098; study accession PRJEB83996; submitted filename SAMEA112518376_METAB-16S-V4V5_HGH7NDRX5.UDI277-BID04-2_R1_clean.fastq.gz	automatically assigned raw FASTQ file based on the Biosample SAMEA112518376	2025-01-27T18:19:00Z	MetaB_16SV4V5_Plankton_AML40um	SAMEA112518376	environmental
ERR14106098_2.fastq.gz	getRawFile.cgi?id=1551-172	51.85 MB	945351fa9b96522e4d70d9687aff8e19	run accession ERR14106098; study accession PRJEB83996; submitted filename SAMEA112518376_METAB-16S-V4V5_HGH7NDRX5.UDI277-BID04-2_R2_clean.fastq.gz	automatically assigned raw FASTQ file based on the Biosample SAMEA112518376	2025-01-27T18:19:00Z	MetaB_16SV4V5_Plankton_AML40um	SAMEA112518376	environmental
ERR14106099_1.fastq.gz	getRawFile.cgi?id=1551-271	91.48 MB	baf59061fcf54b64d38a314d90e56bb9	run accession ERR14106099; study accession PRJEB83996; submitted filename SAMEA112518401_METAB-16S-V4V5_HGH7NDRX5.UDI194-BID05-2_R1_clean.fastq.gz	automatically assigned raw FASTQ file based on the Biosample SAMEA112518401	2025-01-27T18:19:00Z	MetaB_16SV4V5_Plankton_AML40um	SAMEA112518401	environmental
ERR14106099_2.fastq.gz	getRawFile.cgi?id=1551-272	94.71 MB	4f0fb046f93409a5845dc90ef5260307	run accession ERR14106099; study accession PRJEB83996; submitted filename SAMEA112518401_METAB-16S-V4V5_HGH7NDRX5.UDI194-BID05-2_R2_clean.fastq.gz	automatically assigned raw FASTQ file based on the Biosample SAMEA112518401	2025-01-27T18:19:00Z	MetaB_16SV4V5_Plankton_AML40um	SAMEA112518401	environmental
ERR14106102_1.fastq.gz	getRawFile.cgi?id=1551-71	24.92 MB	64026315ce6bfdaae626bc17572b84c2	run accession ERR14106102; study accession PRJEB83996; submitted filename SAMEA112488324_METAB-16S-V4V5_HGH7NDRX5.UDI217-BID08-2_R1_clean.fastq.gz	automatically assigned raw FASTQ file based on the Biosample SAMEA112488324	2025-01-27T18:19:00Z	MetaB_16SV4V5_Plankton_AML40um	SAMEA112488324	environmental
ERR14106102_2.fastq.gz	getRawFile.cgi?id=1551-72	24.57 MB	a8e48793ca404298f7ea81c82830e183	run accession ERR14106102; study accession PRJEB83996; submitted filename SAMEA112488324_METAB-16S-V4V5_HGH7NDRX5.UDI217-BID08-2_R2_clean.fastq.gz	automatically assigned raw FASTQ file based on the Biosample SAMEA112488324	2025-01-27T18:19:00Z	MetaB_16SV4V5_Plankton_AML40um	SAMEA112488324	environmental
ERR14106103_1.fastq.gz	getRawFile.cgi?id=1551-175	40.12 MB	627a878fb8174bb29e6d2d6cd075ad6c	run accession ERR14106103; study accession PRJEB83996; submitted filename SAMEA112488267_METAB-16S-V4V5_HGH7NDRX5.UDI193-BID11-2_R1_clean.fastq.gz	automatically assigned raw FASTQ file based on the Biosample SAMEA112488267	2025-01-27T18:19:00Z	MetaB_16SV4V5_Plankton_AML40um	SAMEA112488267	environmental
ERR14106103_2.fastq.gz	getRawFile.cgi?id=1551-176	39.35 MB	4522c31033285161c9e958a8b090efeb	run accession ERR14106103; study accession PRJEB83996; submitted filename SAMEA112488267_METAB-16S-V4V5_HGH7NDRX5.UDI193-BID11-2_R2_clean.fastq.gz	automatically assigned raw FASTQ file based on the Biosample SAMEA112488267	2025-01-27T18:19:00Z	MetaB_16SV4V5_Plankton_AML40um	SAMEA112488267	environmental
ERR15390051_1.fastq.gz	getRawFile.cgi?id=1551-9277	112.49 MB	b472f5183f8c95d9c30fe3ba4328cca5	run accession ERR15390051; study accession PRJEB83996; submitted filename SAMEA112488127_METAB-16S-V4V5_HTFWJDRX5.UDI253-BID21-2_R1_clean.fastq.gz	automatically assigned raw FASTQ file based on the BioSample SAMEA112488127	2025-12-04T09:32:00Z	MetaB_16SV4V5_Plankton_AML40um	SAMEA112488127	environmental
ERR15390051_2.fastq.gz	getRawFile.cgi?id=1551-9278	104.06 MB	51d19302ef5e9558bc17f321dc94b0e7	run accession ERR15390051; study accession PRJEB83996; submitted filename SAMEA112488127_METAB-16S-V4V5_HTFWJDRX5.UDI253-BID21-2_R2_clean.fastq.gz	automatically assigned raw FASTQ file based on the BioSample SAMEA112488127	2025-12-04T09:32:00Z	MetaB_16SV4V5_Plankton_AML40um	SAMEA112488127	environmental
ERR15390052_1.fastq.gz	getRawFile.cgi?id=1551-9279	74.25 MB	6c7081d05ef19fc95f9919298157dbb1	run accession ERR15390052; study accession PRJEB83996; submitted filename SAMEA112488211_METAB-16S-V4V5_HTFWJDRX5.UDI229-BID31-2_R1_clean.fastq.gz	automatically assigned raw FASTQ file based on the BioSample SAMEA112488211	2025-12-04T09:32:00Z	MetaB_16SV4V5_Plankton_AML40um	SAMEA112488211	environmental
ERR15390052_2.fastq.gz	getRawFile.cgi?id=1551-9280	72.11 MB	434b7e70f70957999868b93bfe41235b	run accession ERR15390052; study accession PRJEB83996; submitted filename SAMEA112488211_METAB-16S-V4V5_HTFWJDRX5.UDI229-BID31-2_R2_clean.fastq.gz	automatically assigned raw FASTQ file based on the BioSample SAMEA112488211	2025-12-04T09:32:00Z	MetaB_16SV4V5_Plankton_AML40um	SAMEA112488211	environmental
ERR15390053_1.fastq.gz	getRawFile.cgi?id=1551-9283	109.45 MB	cbe2a2e0f8b178270137d7a0db82f58b	run accession ERR15390053; study accession PRJEB83996; submitted filename SAMEA112488310_METAB-16S-V4V5_HTFWJDRX5.UDI229-BID32-2_R1_clean.fastq.gz	automatically assigned raw FASTQ file based on the BioSample SAMEA112488310	2025-12-04T09:32:00Z	MetaB_16SV4V5_Plankton_AML40um	SAMEA112488310	environmental
ERR15390053_2.fastq.gz	getRawFile.cgi?id=1551-9284	102.48 MB	c555bc6a5ff3f373c5a570221830c8f1	run accession ERR15390053; study accession PRJEB83996; submitted filename SAMEA112488310_METAB-16S-V4V5_HTFWJDRX5.UDI229-BID32-2_R2_clean.fastq.gz	automatically assigned raw FASTQ file based on the BioSample SAMEA112488310	2025-12-04T09:32:00Z	MetaB_16SV4V5_Plankton_AML40um	SAMEA112488310	environmental
ERR15390054_1.fastq.gz	getRawFile.cgi?id=1551-9275	147.61 MB	7867c02036902732f233db43d7ebce4a	run accession ERR15390054; study accession PRJEB83996; submitted filename SAMEA112488313_METAB-16S-V4V5_HTFWJDRX5.UDI229-BID33-2_R1_clean.fastq.gz	automatically assigned raw FASTQ file based on the BioSample SAMEA112488313	2025-12-04T09:32:00Z	MetaB_16SV4V5_Plankton_AML40um	SAMEA112488313	environmental
ERR15390054_2.fastq.gz	getRawFile.cgi?id=1551-9276	136.62 MB	5f72487d9dfd4d6297acd660a5a803b0	run accession ERR15390054; study accession PRJEB83996; submitted filename SAMEA112488313_METAB-16S-V4V5_HTFWJDRX5.UDI229-BID33-2_R2_clean.fastq.gz	automatically assigned raw FASTQ file based on the BioSample SAMEA112488313	2025-12-04T09:32:00Z	MetaB_16SV4V5_Plankton_AML40um	SAMEA112488313	environmental
ERR15390055_1.fastq.gz	getRawFile.cgi?id=1551-9281	29.65 MB	095e1452767e690a92fd7cc3c91843be	run accession ERR15390055; study accession PRJEB83996; submitted filename SAMEA112488319_METAB-16S-V4V5_HTFWJDRX5.UDI241-BID20-2_R1_clean.fastq.gz	automatically assigned raw FASTQ file based on the BioSample SAMEA112488319	2025-12-04T09:32:00Z	MetaB_16SV4V5_Plankton_AML40um	SAMEA112488319	environmental
ERR15390055_2.fastq.gz	getRawFile.cgi?id=1551-9282	26.82 MB	4c4a01c0c413ab2f368afe02e8624875	run accession ERR15390055; study accession PRJEB83996; submitted filename SAMEA112488319_METAB-16S-V4V5_HTFWJDRX5.UDI241-BID20-2_R2_clean.fastq.gz	automatically assigned raw FASTQ file based on the BioSample SAMEA112488319	2025-12-04T09:32:00Z	MetaB_16SV4V5_Plankton_AML40um	SAMEA112488319	environmental
ERR15390056_1.fastq.gz	getRawFile.cgi?id=1551-9285	182.59 MB	9100d7de75c5918ee33b94430b9eddf3	run accession ERR15390056; study accession PRJEB83996; submitted filename SAMEA112488354_METAB-16S-V4V5_HTFWJDRX5.UDI241-BID27-2_R1_clean.fastq.gz	automatically assigned raw FASTQ file based on the BioSample SAMEA112488354	2025-12-04T09:32:00Z	MetaB_16SV4V5_Plankton_AML40um	SAMEA112488354	environmental
ERR15390056_2.fastq.gz	getRawFile.cgi?id=1551-9286	170.47 MB	f16924a5a50c885f9348bd79694307c1	run accession ERR15390056; study accession PRJEB83996; submitted filename SAMEA112488354_METAB-16S-V4V5_HTFWJDRX5.UDI241-BID27-2_R2_clean.fastq.gz	automatically assigned raw FASTQ file based on the BioSample SAMEA112488354	2025-12-04T09:32:00Z	MetaB_16SV4V5_Plankton_AML40um	SAMEA112488354	environmental
ERR15390057_1.fastq.gz	getRawFile.cgi?id=1551-9287	176.06 MB	d46875310968349f6a86d0dabbdd1e8a	run accession ERR15390057; study accession PRJEB83996; submitted filename SAMEA112488355_METAB-16S-V4V5_HTFWJDRX5.UDI241-BID29-2_R1_clean.fastq.gz	automatically assigned raw FASTQ file based on the BioSample SAMEA112488355	2025-12-04T09:32:00Z	MetaB_16SV4V5_Plankton_AML40um	SAMEA112488355	environmental
ERR15390057_2.fastq.gz	getRawFile.cgi?id=1551-9288	159.7 MB	2016cbe1f1cde70a33fe2ff07e5d6349	run accession ERR15390057; study accession PRJEB83996; submitted filename SAMEA112488355_METAB-16S-V4V5_HTFWJDRX5.UDI241-BID29-2_R2_clean.fastq.gz	automatically assigned raw FASTQ file based on the BioSample SAMEA112488355	2025-12-04T09:32:00Z	MetaB_16SV4V5_Plankton_AML40um	SAMEA112488355	environmental
ERR16149254_1.fastq.gz	getRawFile.cgi?id=1689-26979	43.9 MB	ab5a1f6641f1ed2faacdde27db132232	run accession ERR16149254; study accession PRJEB83996; library construction protocol 16S-V4V5; submitted filename SAMEA112518980_METAB-16S-V4V5_HCJF5DRX7.UDI188-BID04-1_R1_clean.fastq.gz	automatically assigned raw FASTQ file based on the BioSample SAMEA112518980	2026-06-09T14:37:00Z	analysis-1	SAMEA112518980	environmental
ERR16149254_2.fastq.gz	getRawFile.cgi?id=1689-26980	38.52 MB	5ef19877e212372e25791d62692c5332	run accession ERR16149254; study accession PRJEB83996; library construction protocol 16S-V4V5; submitted filename SAMEA112518980_METAB-16S-V4V5_HCJF5DRX7.UDI188-BID04-1_R2_clean.fastq.gz	automatically assigned raw FASTQ file based on the BioSample SAMEA112518980	2026-06-09T14:37:00Z	analysis-1	SAMEA112518980	environmental
ERR16149255_1.fastq.gz	getRawFile.cgi?id=1689-26915	96.34 MB	cb0938251d4fc6950a4c2bb2f5c7346c	run accession ERR16149255; study accession PRJEB83996; library construction protocol 16S-V4V5; submitted filename SAMEA112518981_METAB-16S-V4V5_HCJF5DRX7.UDI188-BID05-1_R1_clean.fastq.gz	automatically assigned raw FASTQ file based on the BioSample SAMEA112518981	2026-06-09T14:37:00Z	analysis-1	SAMEA112518981	environmental
ERR16149255_2.fastq.gz	getRawFile.cgi?id=1689-26916	84.15 MB	4221ff591b2d7c05094548eda5e66807	run accession ERR16149255; study accession PRJEB83996; library construction protocol 16S-V4V5; submitted filename SAMEA112518981_METAB-16S-V4V5_HCJF5DRX7.UDI188-BID05-1_R2_clean.fastq.gz	automatically assigned raw FASTQ file based on the BioSample SAMEA112518981	2026-06-09T14:37:00Z	analysis-1	SAMEA112518981	environmental
ERR16149256_1.fastq.gz	getRawFile.cgi?id=1689-26981	67.26 MB	c23da87b3efe9eb953bac0c9ef9f985f	run accession ERR16149256; study accession PRJEB83996; library construction protocol 16S-V4V5; submitted filename SAMEA112519089_METAB-16S-V4V5_HCJF5DRX7.UDI188-BID08-1_R1_clean.fastq.gz	automatically assigned raw FASTQ file based on the BioSample SAMEA112519089	2026-06-09T14:37:00Z	analysis-1	SAMEA112519089	environmental
ERR16149256_2.fastq.gz	getRawFile.cgi?id=1689-26982	60.4 MB	8234580eff0aad9cf43ba56a75068fd6	run accession ERR16149256; study accession PRJEB83996; library construction protocol 16S-V4V5; submitted filename SAMEA112519089_METAB-16S-V4V5_HCJF5DRX7.UDI188-BID08-1_R2_clean.fastq.gz	automatically assigned raw FASTQ file based on the BioSample SAMEA112519089	2026-06-09T14:37:00Z	analysis-1	SAMEA112519089	environmental
ERR16149257_1.fastq.gz	getRawFile.cgi?id=1689-26917	122.47 MB	56b93145c8105819c56cdd7a0aca94b8	run accession ERR16149257; study accession PRJEB83996; library construction protocol 16S-V4V5; submitted filename SAMEA112519091_METAB-16S-V4V5_HCJF5DRX7.UDI188-BID09-1_R1_clean.fastq.gz	automatically assigned raw FASTQ file based on the BioSample SAMEA112519091	2026-06-09T14:37:00Z	analysis-1	SAMEA112519091	environmental
ERR16149257_2.fastq.gz	getRawFile.cgi?id=1689-26918	115.46 MB	3a259cc3285192b53ecff2e3522dbefd	run accession ERR16149257; study accession PRJEB83996; library construction protocol 16S-V4V5; submitted filename SAMEA112519091_METAB-16S-V4V5_HCJF5DRX7.UDI188-BID09-1_R2_clean.fastq.gz	automatically assigned raw FASTQ file based on the BioSample SAMEA112519091	2026-06-09T14:37:00Z	analysis-1	SAMEA112519091	environmental
ERR16149258_1.fastq.gz	getRawFile.cgi?id=1689-26983	62.16 MB	4e06b752c2df15544300ce9a6b84088c	run accession ERR16149258; study accession PRJEB83996; library construction protocol 16S-V4V5; submitted filename SAMEA112519161_METAB-16S-V4V5_HCJF5DRX7.UDI188-BID11-1_R1_clean.fastq.gz	automatically assigned raw FASTQ file based on the BioSample SAMEA112519161	2026-06-09T14:37:00Z	analysis-1	SAMEA112519161	environmental
ERR16149258_2.fastq.gz	getRawFile.cgi?id=1689-26984	56.18 MB	8c0aacea10767adc5dc92034b144eb76	run accession ERR16149258; study accession PRJEB83996; library construction protocol 16S-V4V5; submitted filename SAMEA112519161_METAB-16S-V4V5_HCJF5DRX7.UDI188-BID11-1_R2_clean.fastq.gz	automatically assigned raw FASTQ file based on the BioSample SAMEA112519161	2026-06-09T14:37:00Z	analysis-1	SAMEA112519161	environmental
ERR16149259_1.fastq.gz	getRawFile.cgi?id=1689-26919	141.26 MB	e87eed3389dfe7c3a160d567f9f60cd6	run accession ERR16149259; study accession PRJEB83996; library construction protocol 16S-V4V5; submitted filename SAMEA112519186_METAB-16S-V4V5_HCJF5DRX7.UDI188-BID13-1_R1_clean.fastq.gz	automatically assigned raw FASTQ file based on the BioSample SAMEA112519186	2026-06-09T14:37:00Z	analysis-1	SAMEA112519186	environmental
ERR16149259_2.fastq.gz	getRawFile.cgi?id=1689-26920	127.87 MB	025578002d0943fa61091b9d6bdf9717	run accession ERR16149259; study accession PRJEB83996; library construction protocol 16S-V4V5; submitted filename SAMEA112519186_METAB-16S-V4V5_HCJF5DRX7.UDI188-BID13-1_R2_clean.fastq.gz	automatically assigned raw FASTQ file based on the BioSample SAMEA112519186	2026-06-09T14:37:00Z	analysis-1	SAMEA112519186	environmental
ERR16149260_1.fastq.gz	getRawFile.cgi?id=1689-26863	31.71 MB	dce605e4f3875edd0a96b0c35373514d	run accession ERR16149260; study accession PRJEB83996; library construction protocol 16S-V4V5; submitted filename SAMEA112519237_METAB-16S-V4V5_HCJF5DRX7.UDI188-BID15-1_R1_clean.fastq.gz	automatically assigned raw FASTQ file based on the BioSample SAMEA112519237	2026-06-09T14:37:00Z	analysis-1	SAMEA112519237	environmental
ERR16149260_2.fastq.gz	getRawFile.cgi?id=1689-26864	30.74 MB	71ea0b837a0e59898803db62bbfa61b1	run accession ERR16149260; study accession PRJEB83996; library construction protocol 16S-V4V5; submitted filename SAMEA112519237_METAB-16S-V4V5_HCJF5DRX7.UDI188-BID15-1_R2_clean.fastq.gz	automatically assigned raw FASTQ file based on the BioSample SAMEA112519237	2026-06-09T14:37:00Z	analysis-1	SAMEA112519237	environmental
